0.8622246989626794,0.6726143403485177,1.5465903941750503,2.3681543747973492,1.235397913521195,1.786387212026933,1.0,1.0,0.0,0.0,0.0,0.0,1.8544770213781527,1
0.5431709282336025,-0.3949016279251732,0.18402723309493774,-2.14474347732317,-0.9331314821616341,0.4139045869392374,1.0,1.0,1.0,1.0,1.0,0.0,1.6466163425024827,0
0.7012636033800794,0.38500540451534865,0.450234770274027,-0.761633842432089,-0.3129737100129613,0.6705664191706499,1.0,0.0,0.0,0.0,0.0,0.0,3.117415271876285,0
1.0943492130919161,0.6639302637661325,0.02685273912163694,-0.15259406017660515,-1.1893781557245489,-0.5556027289697161,1.0,1.0,1.0,1.0,1.0,1.0,3.252074236519481,1
-0.48144169792374764,0.20336752783225515,0.14478542213516898,1.7388100007932645,0.675390254000089,0.03332381064931856,0.0,0.0,1.0,1.0,1.0,0.0,1.4055191556504651,1
-0.9131435224986583,-0.7069106133397569,-0.6806325587468625,-0.8413681073266355,-1.1063580010188567,-0.4438086014595848,1.0,1.0,0.0,0.0,0.0,0.0,1.1284689903649219,1
-1.5235574282849753,-0.9073404920576877,0.32726510945461024,0.6820337632987952,-1.2421933888639538,-1.705713170611919,1.0,1.0,0.0,1.0,1.0,0.0,0.8051408598032886,1
-0.9210948414939862,-2.0111671975699923,-1.2274529044291311,-1.009646507972109,-2.1358408585585553,-1.7297369324254226,1.0,1.0,0.0,0.0,1.0,0.0,2.2091860307426736,1
-2.335113358401373,-0.2512175381961025,0.4166121230750037,-0.24294672792607724,-1.443649737290107,-0.6002009915682704,0.0,0.0,1.0,1.0,1.0,0.0,0.2982022629723982,1
0.6364653883382937,-0.03986534679149241,-0.17427918091304942,-0.49556138489278595,0.6364463961643214,1.3043211374238723,1.0,1.0,1.0,1.0,0.0,0.0,2.381324897141704,1
1.3710686385714745,0.24713032626500037,1.9913813026696936,1.6524734251601518,2.7202129428352753,-0.5955723646030157,0.0,1.0,1.0,1.0,1.0,1.0,4.504668293731411,0
2.6559685611570347,-0.043146492995500614,0.11063129155255481,0.5628781112563533,0.7144271039689118,0.33668198612035416,0.0,1.0,0.0,1.0,0.0,1.0,2.4381414953432383,1
-0.7747063363550517,0.5744203796388894,1.114371916382983,0.6193147199734099,0.6437379977483275,-0.8287313606702689,0.0,0.0,0.0,0.0,0.0,0.0,1.550689987645073,0
0.2510521244432685,0.2841746096593835,0.047530905304597366,-0.3576154019152006,-0.8508598260775161,0.2972561333299426,0.0,0.0,1.0,0.0,1.0,0.0,1.6516066430476488,0
0.49990115677174973,1.4734419863016819,0.5270767810851538,-0.2971157687309016,-0.0698366831486209,0.6192715486872965,0.0,0.0,1.0,1.0,0.0,1.0,0.8291913926285951,1
0.3337266798807449,-1.3274957791198647,0.020117506888332377,0.9021467231715207,-0.2866694350597306,1.8695237571276062,1.0,0.0,0.0,0.0,0.0,1.0,1.6709228541512167,0
-1.0228916312776994,-0.6675227541016762,-0.7702052025197178,-0.39879851483558393,0.3876148986664724,0.09289011977877942,0.0,1.0,1.0,1.0,1.0,1.0,0.08087264557633632,1
-0.26344880851399394,0.7031747139430754,0.2617818559050626,-0.053033011808716675,-1.213885899857717,-1.6384314363152839,0.0,1.0,1.0,1.0,1.0,1.0,0.8859050257218255,1
0.456395649759338,0.25432492192167055,1.5933811971793397,0.4820616535701426,0.6299722438646858,-0.4753323326501827,0.0,1.0,0.0,1.0,0.0,0.0,1.0185443984935554,1
0.9827102943405653,0.04097763727340385,-2.536616973201797,-1.221608611098575,-1.4917194788839525,1.6538247166811686,1.0,1.0,1.0,1.0,1.0,1.0,0.34774562253641683,1
0.36882575424095354,0.6603617817277361,1.734183875728391,1.73356307626609,1.374919365186386,-0.3902288933528956,0.0,0.0,1.0,1.0,1.0,0.0,1.384836971610242,0
-0.7150536580332975,-0.7908139739899489,-0.5198541430760372,0.11133555188948872,-0.2345737991454031,-1.3662905206152203,1.0,1.0,1.0,0.0,1.0,0.0,1.2654619871525188,1
0.4507803193700329,0.715330545477708,0.9971432749132983,1.4051462367000271,0.8816991444865141,1.0831148148913607,1.0,1.0,1.0,0.0,0.0,0.0,0.750626780744004,1
-0.6438991110382751,-0.9617765793415299,0.16581627580646544,-0.6695450288605015,-0.9976436244060963,-1.6443344877375665,1.0,0.0,1.0,1.0,1.0,1.0,1.9743180495807615,0
-0.47330041347710483,-0.7474400659502595,-1.2581331756361045,-2.620628745006549,-1.09099975458598,-0.8339199968298754,1.0,0.0,0.0,1.0,0.0,0.0,0.6053909951620925,1
0.831947786347125,0.1195441576670433,0.09171694348146917,-0.8867582064078176,-1.1263319362195217,-0.721870714313681,0.0,1.0,0.0,0.0,1.0,1.0,1.5554760351856733,1
-1.6112111114639192,-2.388951640778933,-0.5568258975752634,-1.5120286691577391,-0.26473128356255604,-0.7623854107147658,1.0,0.0,0.0,1.0,1.0,0.0,1.493496793107239,0
0.7626926164584331,-1.3825403199992088,-0.9891155215106063,0.09282046081525853,0.013523144327509536,-0.25363019941558174,1.0,1.0,0.0,0.0,1.0,1.0,3.474750355806551,1
-0.9081889839746273,-0.623053506357076,0.1758359307992895,-0.39369146559390933,-0.39953865529209537,1.3710969950912408,0.0,1.0,1.0,1.0,1.0,1.0,1.9386230369528292,1
0.5226889187204928,0.49362010564159686,-0.38373133117811864,-1.4812062350938118,0.7763990411621013,1.5438611090658683,1.0,1.0,1.0,1.0,0.0,1.0,3.633201249272728,1
-0.539165834342552,-0.9751338272845355,-2.3238536158689165,-2.4236175967844584,-0.5529133084772492,-1.8929076216949972,0.0,0.0,1.0,0.0,0.0,0.0,1.409208600062731,1
0.19756317812298252,0.35072680913141663,0.33096600625805045,-0.9454327788468265,-1.2364425469562264,-0.9019984480877447,0.0,0.0,1.0,1.0,0.0,0.0,2.4126819500144316,1
1.3658745409764572,0.3585402874160432,1.2704953505585097,0.1802352089447318,1.6980403382245728,1.7392834076278205,1.0,1.0,1.0,1.0,0.0,1.0,3.88619780357025,0
-1.1666792608331162,-1.6894536209466502,-1.3476843495497277,-0.45220415124139524,-0.19598393248191032,-1.303302813584423,0.0,1.0,1.0,1.0,1.0,1.0,0.33410558006212826,1
1.7758053934765914,1.5905679364443772,1.4290128004220002,0.6162254844186849,-0.2826643534811793,-1.1938620195067189,0.0,0.0,0.0,0.0,0.0,0.0,2.342474692135457,1
-0.1195096326156915,-0.09590204735001502,-0.6755139829703785,-0.5927675912722572,-0.8633735894814178,-0.5552518710805265,0.0,0.0,1.0,1.0,1.0,1.0,1.2429764511392363,0
-1.2130253466448495,-1.73345758416853,0.6938006152430131,1.900428860941626,0.2600954436348656,0.43122311593493834,1.0,0.0,0.0,0.0,0.0,1.0,6.096222472889641,1
-0.6207161719528739,-1.594531441867382,-1.66406273812542,-0.7118580734148776,-0.11721586745918947,-1.1065033547301024,0.0,1.0,0.0,0.0,0.0,0.0,0.6537102362637165,0
0.1639284844421329,1.0526189710447882,1.4807393425730515,1.127693670169996,0.811334421361836,1.8105349093766616,1.0,1.0,1.0,0.0,0.0,1.0,2.3400535790305343,0
-0.7024684924558215,0.9493657708132835,-0.34825162618154626,1.5354925915211042,0.6796198904704257,0.07272971451805284,1.0,1.0,1.0,0.0,0.0,0.0,0.9505440457642889,1
-0.6364607899356368,0.07045542770357516,-0.17326951773750301,-1.6423381894749767,0.6408162195936835,1.21443731356137,1.0,0.0,0.0,0.0,1.0,1.0,0.5039433928892276,1
-0.09667282387338053,-0.8319281978876543,-0.6747455561237595,-0.3085693122086295,-0.6475168456917949,-0.5842746231561764,0.0,0.0,0.0,0.0,0.0,1.0,1.375954533010648,1
1.6872497999189056,1.3623629600999827,0.20778763552948346,0.8598729277126673,0.5137920424706459,0.9406813828437645,1.0,1.0,1.0,0.0,1.0,0.0,1.3583602341492222,1
-0.20741024044527176,-1.1140559126414358,-0.14812036435765416,0.1545179403151757,-0.7474680820418783,-0.37223781739949086,1.0,1.0,0.0,0.0,1.0,1.0,0.7546231992157326,1
1.3252281189664035,0.609333401037867,0.9040962833915774,1.136170479092773,0.0040910074001707635,0.8664206643564898,1.0,1.0,1.0,1.0,0.0,0.0,4.473789253396158,1
0.04045944037077581,1.2475301195176967,0.028982119705438295,-0.10436455527603784,-0.10420223949303038,0.5342116337137424,1.0,0.0,0.0,0.0,0.0,0.0,0.7078043701623518,1
1.021347944736856,0.49906195412327986,-2.7374049242651792,-1.680955920470521,-1.0973495142396001,1.2998927648868468,1.0,1.0,0.0,1.0,1.0,1.0,1.4283979355486045,1
0.23301565046504538,0.7078032660252342,0.8253792915480709,1.1089474906748633,0.700825227536583,1.1078608125263076,1.0,1.0,0.0,0.0,0.0,0.0,3.1675753676816156,1
1.024166370965645,1.0055858934459236,0.34304402470458767,0.043718135687757814,0.45688442726020373,0.7666843918543242,1.0,0.0,0.0,1.0,0.0,1.0,0.9960701840759221,0
0.9807301029709141,0.7717407385070622,-1.154480263000823,0.5211520160899872,-0.0612695922592213,-0.4107981574510693,0.0,0.0,0.0,0.0,0.0,0.0,1.4798434894347756,1
-0.4800660001060049,-1.8625770152632073,-0.6520891923600541,0.5073378924778554,0.056331275679996295,0.8753227905572242,1.0,1.0,1.0,1.0,0.0,0.0,2.5929451561393124,1
-2.6199729779186027,-1.7698208659337742,-1.3710826704833372,-0.07937505615521391,-1.2508859548621556,-0.9849522718769642,1.0,1.0,0.0,0.0,0.0,0.0,0.8179533825864422,1
-0.6611918261397066,0.15173778379413116,0.17630850965552614,0.2440164277266054,-0.26984536544500426,-0.2413510674590278,0.0,1.0,1.0,1.0,0.0,0.0,0.24944358474346714,1
0.47999512833903285,-1.6911665691654396,-0.20708287711842743,0.8451358313645122,1.3810016441157715,1.2649033430820735,1.0,1.0,0.0,0.0,0.0,0.0,1.028917462393978,1
0.2068281560876069,-0.8714481127194792,0.5313534388429215,-1.102608307395987,-0.05739980575042491,0.019867143203347787,1.0,1.0,1.0,1.0,0.0,0.0,0.7338100097871444,0
-0.6755983659487862,-0.3044186964032086,0.4132458573078912,-0.1322108791441124,-1.5541688405364762,-0.0013023179235637347,0.0,0.0,0.0,0.0,0.0,0.0,1.7982942092813963,1
0.0014630902392916824,0.9953267222797383,-0.8043128598076223,0.7645572554791362,1.374171537302616,0.02199071426415921,1.0,0.0,0.0,0.0,0.0,1.0,0.9828344485459634,1
0.9990783053812443,-0.06673829970145223,-0.0871050259746264,1.10586287572609,1.4666306550681867,0.760877182144072,1.0,1.0,0.0,0.0,1.0,1.0,1.3977961041110272,1
0.13599794695794754,1.6632059209631118,-0.38987241934505523,-0.1419455547356563,0.5331298949095913,-0.28457068479395653,1.0,1.0,1.0,0.0,0.0,1.0,0.7658010498984538,1
-0.2571154654671556,0.059684160136464645,-0.4066613573127166,-1.2269615189629621,-1.5118563993136938,-0.3951963437366927,0.0,0.0,0.0,1.0,1.0,1.0,0.3978999281479222,0
-0.6032499160346246,-0.8294044030141201,1.1996618429377435,0.8037804348276162,0.6760095111316485,-1.8290561424156697,0.0,1.0,0.0,0.0,0.0,0.0,2.571151392621593,0
-0.5993445932854506,0.11975462255092738,-0.19952904243252548,-1.1343767494400487,-1.8532528730328368,-1.7769967067851589,1.0,1.0,0.0,1.0,0.0,0.0,0.37066569692889045,1
0.5505933241762943,0.7788232457110487,0.35278920241269746,2.3740797436042507,0.6810185229986452,0.9902352278982971,0.0,0.0,0.0,1.0,0.0,1.0,2.3200805493735914,1
-0.04006634283630719,-0.4468077432571959,1.8210246254900766,2.3801476192449527,2.4141701595079277,0.4253899125478952,1.0,0.0,0.0,0.0,1.0,1.0,3.7151194821641815,0
1.066864191328605,-0.6208306991347038,0.005122649687518964,0.241700976014386,0.5009123884099379,0.06674641870171005,1.0,1.0,1.0,1.0,0.0,0.0,4.560958722217769,1
-0.05640415600855199,0.17862462489271702,-1.6878361122060035,-0.22436765357493968,-1.4047209471663102,-1.2714011402836651,0.0,0.0,1.0,0.0,0.0,0.0,0.5232239589609006,1
-0.359065257132,-0.9458395590352852,-1.4652801264807294,-1.8274080016035008,0.12473549727442829,-0.06520489762057258,0.0,0.0,0.0,0.0,0.0,1.0,0.3463391016838464,1
-0.32838339926286547,1.0758734607193035,-0.048462066074361265,-1.6957648567293102,-1.2943424478938976,-0.09037752240987561,0.0,0.0,0.0,1.0,0.0,1.0,1.0104673638041979,1
-1.1054292120083655,0.6208264914186717,0.4029433712462351,-0.15413155493394806,-0.9528548489197373,-0.9834907754233261,0.0,1.0,0.0,0.0,0.0,0.0,0.5684448052040127,1
0.43738776621912806,-0.01895805179724078,-0.2775089693152067,0.15790577699362754,0.09244904850638333,0.7934280672585184,1.0,1.0,0.0,1.0,1.0,1.0,1.3136079611456632,1
1.1481222661999377,-0.43522057184932167,-0.17544929130070683,-1.4911077599026692,-2.1550515529038505,-0.7445750907638489,0.0,0.0,1.0,0.0,1.0,1.0,3.076325119322459,0
2.6146160710354516,0.7070657379499671,0.5945371693372778,0.21864488125217318,0.23737188213565782,-0.879011982596556,1.0,1.0,0.0,0.0,1.0,0.0,5.968923421786015,0
2.015335224125702,1.823386662806634,1.3917180559211133,1.8836044050449794,0.22138417083850329,0.34784109951332104,1.0,0.0,1.0,0.0,0.0,0.0,2.757598081235384,1
2.0494323804470036,0.7352844052866842,1.5252982125709114,-0.18957528315389877,-2.095292430876595,-0.5964988366078108,0.0,0.0,1.0,1.0,1.0,0.0,7.207428982224663,0
0.49108860766586154,1.0031104602141232,0.6005428814764772,-0.41714839507526225,-1.938647376026692,0.13243344310486338,1.0,1.0,0.0,1.0,0.0,1.0,1.117903331716255,1
-0.0690704002585552,0.31799248615844405,0.43282160911210377,-0.8479704630087853,-0.2785287556304108,-0.5901743389721524,0.0,1.0,1.0,1.0,0.0,1.0,0.9117101452712884,1
-0.30985058931325143,-0.27699051314054474,0.345024108035755,-0.24602278574622155,-2.255691977966844,0.25973227519131814,1.0,1.0,0.0,1.0,1.0,0.0,0.9424753976153465,1
-0.04137058221670795,1.1005033635005106,0.9572432610321077,2.4380802446302523,2.0589299667905525,0.8829436085715912,0.0,1.0,1.0,1.0,1.0,0.0,0.7328004010599144,1
-0.38258688337241487,-0.19165253441354474,0.31975551877191716,0.6181164652684213,0.13159514599878006,-0.9494700888869013,0.0,1.0,1.0,1.0,1.0,0.0,0.8813730018177324,1
1.0755797789074928,0.36704828390335,0.9248913240799463,0.6016874174638938,1.551099868559029,1.044781815429998,0.0,0.0,1.0,1.0,1.0,1.0,4.999205149153723,1
-0.2935178073948044,-0.4305389644786084,0.12371885185839868,-0.4717366753205868,0.012699081465014573,0.5454754401243643,1.0,1.0,0.0,0.0,1.0,1.0,1.4072196704980946,1
0.3056872805297293,-0.5193969444174069,-0.04923277521151744,-0.45263070661173693,-0.6746688504091076,-1.6369580766333096,0.0,0.0,0.0,0.0,0.0,0.0,2.7587969046366863,1
1.129308519056127,1.6055372953165288,1.1011963572537207,0.7891694074919454,0.6189944682105479,0.6244156028932437,0.0,0.0,1.0,1.0,1.0,0.0,2.77064411864053,1
0.30488939059931086,1.8588688604110057,1.7612157668176394,1.3888312361380053,1.2271693414166538,0.30570996721501054,1.0,0.0,0.0,0.0,0.0,0.0,1.1902072650262314,1
-0.42633403114307183,-1.8603369075718517,-0.9429818656236695,-0.8616497123922566,0.0456758238690497,0.16783977644666778,1.0,1.0,0.0,0.0,1.0,1.0,2.1799642178934295,1
0.6181599935537125,0.619547775460189,-0.4282868382030531,-0.4587306902340245,1.3378918747017192,-0.04691114105584,1.0,1.0,0.0,0.0,0.0,1.0,0.9003619869378345,1
0.7795167895046347,0.9955142073294054,0.5653164957987792,2.4530041571638344,1.1466709453185422,-0.6672772087562548,0.0,1.0,0.0,0.0,0.0,0.0,1.1125205238406992,1
1.1791025173788938,-1.0305453979528096,-0.9458952642463264,0.04306211552824388,1.4892439115415712,0.38435956240490055,1.0,0.0,0.0,0.0,1.0,1.0,7.933047219907496,1
1.012165352423291,-0.5218987620152729,-0.5415043520118593,0.5116325567152806,1.5715375492127848,-0.6573149241070677,0.0,1.0,1.0,1.0,0.0,0.0,1.268757669645875,0
0.5755331460753177,-0.12515294158877716,0.7283755890508594,-0.47210127834048793,-0.8984458341237456,-0.794565644869477,0.0,0.0,0.0,1.0,1.0,0.0,0.7718585129312215,1
-0.17064653120885942,2.6377714670879886,0.5907239150540837,0.8224393617456521,-0.37736407528849464,-0.3916669961667371,1.0,1.0,0.0,0.0,0.0,0.0,0.27446672417153045,1
0.6925569039534911,-0.32437871298620474,-0.3234192901918885,-0.43899578481345314,-0.8641329239678749,-0.9711284822162755,0.0,0.0,0.0,0.0,0.0,0.0,1.8019784552914313,1
-0.4016052018178174,-0.061802332949841166,-1.0495263243994266,-0.922852892836425,0.05509104994325237,0.26618679048500743,0.0,0.0,0.0,0.0,1.0,0.0,1.1209271394137694,1
0.22820627827069562,0.18867221781561017,1.022365504961554,-0.3987913298405867,-2.515945463379485,-1.3174403464318347,0.0,0.0,1.0,0.0,0.0,0.0,1.6952784425682843,0
0.06484993089754715,-0.11737006981535622,0.43367903195527147,-0.94013634036575,-0.30664904611661986,0.6134115619530609,1.0,1.0,0.0,0.0,0.0,0.0,0.800472118082747,1
-0.598562899152236,-1.087849675740724,-0.2521519998990907,0.5257023837230645,0.018217978825279122,0.4946455407770336,0.0,1.0,1.0,1.0,1.0,0.0,0.47308216878952486,1
1.8663774409461564,0.875074324193558,-0.48206983299730877,0.2740245201717426,-0.5400293911865026,0.20774302090908903,1.0,1.0,1.0,0.0,0.0,1.0,1.508599197236524,0
-0.8190531189927779,-0.499918209302828,0.07355693333514322,-1.218093775593731,-0.1377593026076628,1.9673380025223082,1.0,0.0,0.0,0.0,0.0,0.0,3.9663449631822427,1
0.5626589824117385,0.0517005029923517,-1.1704987946061145,-1.6585348982605321,-2.1206162987737276,-0.9073180002761818,0.0,0.0,1.0,1.0,0.0,1.0,2.752936374301415,1
-0.6550404414122816,-0.6073436964019616,-0.7598485373003967,-0.7875955342567076,-1.9227380048313474,-1.5048106509761638,0.0,0.0,0.0,0.0,1.0,0.0,0.8737824983363607,1
0.19808908778084136,0.017689034016511517,0.5233075238260843,0.6314218917811119,-0.8872860884544636,-2.0588834719960856,0.0,0.0,0.0,0.0,1.0,1.0,0.26308417812674584,1
0.007440780353820868,-0.1360247962087794,0.30553263455599616,1.6446727453850256,1.4331211510382769,0.7847391749826287,1.0,1.0,1.0,0.0,0.0,1.0,1.0181106160793987,0
-0.7732332878942805,-0.467354557200344,-0.7533498282853844,-0.8567917335502265,0.3132201707493251,-0.601346324588816,1.0,1.0,0.0,1.0,1.0,1.0,0.45170405494331245,1
1.13565746596333,0.5581326140676514,-0.7925735954129558,-1.366740251293809,1.1010724713333029,1.4987950316018037,1.0,0.0,0.0,0.0,0.0,0.0,2.9328994410869402,1
-0.16513528212045595,1.1614387660362735,-0.04258987450289087,0.5754832645995516,0.7532265163457019,0.3506381030317364,0.0,1.0,1.0,0.0,1.0,0.0,0.6911104819682152,1
0.30482074464070313,1.2896380580641993,0.25618879530054517,-0.7187329617527636,-1.5394448445448465,-1.7916870981432689,0.0,0.0,1.0,1.0,1.0,0.0,1.3444188068667353,1
0.12985729638057245,1.3262899392780632,0.3258008901968158,0.29453445489900343,0.49483638975446853,0.48024188539843543,0.0,1.0,1.0,1.0,1.0,1.0,0.14533691956971034,1
0.29996855125518274,0.8066849536497608,0.5914844471707925,1.5745538738653384,0.7771069650511239,-0.7087922976646099,0.0,0.0,1.0,1.0,1.0,1.0,3.728857851700573,0
0.17691670785387587,-0.0017168769459933828,-1.3721363306220744,-1.0833064191102595,0.5097706925994563,0.36926573452272105,0.0,1.0,0.0,0.0,1.0,1.0,1.0539581685587986,1
-1.588396890715082,0.2778293152376516,1.3491676661451955,1.4729221018530563,1.7443521018164547,1.2569452782506363,0.0,1.0,1.0,1.0,1.0,0.0,1.19116318028296,1
-0.4501786223854663,-0.23749968042121286,-0.10594069717052294,-1.0814620052217876,0.3857948144159839,1.4723974354668803,1.0,0.0,1.0,0.0,0.0,1.0,3.559779723360325,1
-0.8524511967888818,-0.12758081156993842,-0.16272482550922637,0.5191789870927994,0.6203354261105039,-0.5023484186345784,1.0,1.0,1.0,1.0,0.0,0.0,1.7492191377207138,1
0.14568776439338732,-1.2285442031030767,-1.1661880840218102,-2.197025710963473,-1.6369005817105422,0.3912781543587703,1.0,1.0,1.0,0.0,0.0,0.0,2.9907498412672004,0
0.37208898577370014,-0.4663021915177518,-0.9694889702893233,-0.7303479771612826,-0.46341218273810064,-1.4464634992785061,0.0,0.0,0.0,0.0,0.0,0.0,0.5248629191425151,1
0.48108023616028,0.6024812174057296,1.334975708900777,1.6186160250704795,1.7189494817179176,1.5551878750346309,1.0,0.0,1.0,1.0,1.0,0.0,3.381984205927175,0
-0.5165019321711869,-0.4291527317015533,-0.3170419026288701,-0.7888420040034837,0.10080525240593011,0.693037070791043,1.0,1.0,1.0,1.0,0.0,1.0,2.733378624545352,1
0.3530235846464505,0.34918474332036625,0.6699886773820328,0.6686820126394176,0.6976637463271058,0.40583473099532147,1.0,1.0,0.0,0.0,1.0,1.0,0.5696546924645134,1
0.06020188651583586,-0.08985194058140669,0.29817379466299904,0.16123403512973547,-0.07486215330587169,2.4028122379652266,1.0,1.0,0.0,0.0,0.0,0.0,1.937973107212013,1
-0.07427840396874154,0.7844290122817147,-0.3230602504024629,0.274305141734839,0.7061639620982257,0.15526395323626693,1.0,1.0,0.0,0.0,0.0,0.0,0.3131132373081661,1
-0.14366454429847628,0.4623729363534853,0.4358281468099991,0.4163538325827626,-0.4618651271143078,0.666689862465664,0.0,0.0,0.0,0.0,0.0,1.0,1.1722104885054734,1
0.26642045132332015,-1.155501381902899,-0.129974697787297,0.23433047796683065,0.048560966567255705,-0.16051699378826242,0.0,1.0,0.0,0.0,0.0,1.0,1.5870185902457192,1
-0.3546099266937672,0.16807842387758481,1.1946981623120274,1.0924602887433006,0.6487346397692959,-0.9962895416107235,0.0,1.0,1.0,1.0,1.0,1.0,1.8932950170904648,1
-0.019191390064692025,-0.47632633267330177,0.008188457292762342,-1.1341743254901318,0.7788791287279958,0.48120965565470203,1.0,1.0,1.0,0.0,0.0,0.0,5.915496059871734,1
0.12941125408901705,-0.15188555609086904,-1.6788084030154191,-1.223921155274687,-0.7154856931845884,-0.18235562218536064,0.0,0.0,1.0,0.0,0.0,0.0,0.20002576559801713,1
0.7399318596765428,0.129223980042664,0.23003808747665647,1.3733374384758854,-0.2027616326987783,0.08741713765883692,1.0,1.0,1.0,1.0,1.0,1.0,5.792244269120992,0
-1.3689041803187927,-1.2352430362224258,-1.5066994713782127,-1.7117104744533174,-1.177033408304207,-1.2826550592896533,0.0,0.0,0.0,1.0,0.0,0.0,0.2175865426172949,1
0.1905557220302727,0.28571730456490774,-0.4653671671661505,0.6773981236532877,0.8057064036508034,-0.5331793326038159,1.0,0.0,1.0,1.0,0.0,0.0,3.67157046640458,0
2.8178088196640947,2.172910764848371,0.976630865491478,0.47420547082045306,-0.6754314675834997,-0.40053119672838655,0.0,0.0,0.0,0.0,0.0,0.0,1.5370426270365343,0
0.2102457153368675,0.978082055695122,-0.8183760583946013,0.724572159190355,-1.6166389246002368,-1.6682188128656192,0.0,1.0,1.0,1.0,1.0,0.0,0.9700357440404478,1
1.230853376630463,1.221227158865126,0.3584760462872794,-0.545516304824981,-0.4243336980469477,-0.2493157544274823,1.0,1.0,1.0,1.0,1.0,0.0,3.537320483362803,0
0.5973263575634825,1.9052798410502376,1.879723721267255,0.4788744771621986,0.0925724861864705,2.4075250786178075,1.0,0.0,0.0,0.0,1.0,1.0,2.327202940993749,1
1.000288487975207,0.4536756639474075,1.7986943487586187,0.2577279402125144,0.1273347009251915,-1.3519483183655838,1.0,1.0,0.0,1.0,0.0,1.0,4.086273019675695,0
-0.7649883317026173,-0.11611077022446602,-0.6117644251857046,0.28182459550974714,0.19503895165989227,0.047873421060863966,1.0,0.0,1.0,1.0,0.0,0.0,1.7764592410641868,1
1.5946708458194205,0.288582727054456,0.18925140401267163,1.0087863548248064,1.119956063431682,1.325377735119508,0.0,0.0,1.0,0.0,1.0,1.0,2.853079458088176,0
-0.3085784863910872,-1.10209624559932,-0.3579210462664576,0.15473528343965517,0.4519408360426764,-0.2294214199429156,0.0,1.0,1.0,1.0,1.0,0.0,2.901717020291504,1
0.6636229847397741,0.14193533487033083,1.0420240018525437,0.7478424405712087,0.9685455245471636,-0.5648036963169402,1.0,1.0,0.0,0.0,0.0,0.0,2.3102274410570613,0
1.5153139301411485,0.4270090893153354,0.7569558026577972,1.068364816811454,1.6971169910172381,0.46008547158881297,0.0,1.0,0.0,0.0,0.0,1.0,1.1870225462050983,0
-0.8733970682972669,0.2720220688766317,0.1941903883491674,0.36886550997619383,-0.041082062783237526,0.3116183202687874,0.0,0.0,0.0,1.0,1.0,1.0,0.5467761025066754,1
-0.25293453168994084,-1.4877126299195989,1.6209041611100143,0.17833383545128229,1.4468431302101763,1.9391006550984984,1.0,1.0,1.0,1.0,1.0,1.0,1.9380546058709232,0
-0.9051759394935308,-1.6315510424089994,-0.11639050791752384,0.4519218575066073,-0.7706790902953976,0.8772186485089165,1.0,1.0,0.0,0.0,0.0,0.0,2.865252805971273,1
-1.3592996554339813,0.5113942924041497,-0.5672130696949698,-0.3954471303903469,-0.48342518646639393,-1.276356949648294,0.0,0.0,0.0,0.0,0.0,0.0,0.13855585254058156,1
1.9729809502419882,1.6954836525865675,-0.19211698997470014,-1.25359864634361,-1.0958146696640405,-0.422214781545391,0.0,1.0,1.0,0.0,0.0,1.0,2.1549322687821917,1
-2.4798619665378605,-1.366858459662911,-0.1419395880579464,-0.200086871510724,0.8593175838509823,-0.06261619957051749,1.0,0.0,0.0,0.0,0.0,0.0,1.1263907203495231,1
-0.6122091873054704,-1.264960680347842,-1.396662638435004,-0.0424361478673586,1.302623170552428,0.9974702676594424,1.0,0.0,0.0,0.0,0.0,0.0,2.079297573972472,1
0.76307432397264,0.34135831310552045,0.5017215792575498,0.14796099604340404,0.5193963790150857,0.22847261982365608,1.0,1.0,0.0,0.0,0.0,0.0,4.840508741235771,1
0.15106688603100069,0.8891681425206377,-0.8360922210872097,0.7265014131656659,0.8619448972117699,0.0014384307790374455,0.0,0.0,1.0,1.0,1.0,1.0,0.6931774164794348,0
1.5134482242107967,1.3057880935763708,0.9817002156969313,0.4783160206255678,1.1502719576984273,0.7439417243239084,1.0,1.0,0.0,0.0,1.0,0.0,4.350105278640406,1
1.6086351147931581,0.43720424901149285,0.26696410764652057,-0.1217241829683679,0.7084063620768242,0.4518103553491362,1.0,1.0,1.0,1.0,0.0,1.0,2.0433362666746504,0
-0.18630827216482668,0.636022807913858,0.6379825457892663,0.5719113440070108,-0.5421171830652142,-0.6780916286942295,0.0,0.0,0.0,0.0,1.0,1.0,1.499631611263185,1
-0.22407479468213043,-0.3332084158236839,-0.5869204362140771,-0.1624640020146739,-1.9950148555277933,0.13650002132507147,1.0,1.0,1.0,1.0,1.0,0.0,0.8583025140963839,1
0.5977948867563005,-0.566906334602379,0.3867181616297116,0.06203234601623502,-0.2973093429549263,0.26070459417144637,0.0,0.0,0.0,0.0,1.0,0.0,1.4395146573743285,0
-0.1793668842062294,1.3065902150489332,0.7091075879037827,-1.2287970821672864,1.3384991135566928,-1.190106256959093,0.0,0.0,0.0,0.0,1.0,0.0,0.8610347082283448,1
-0.19772674892730513,0.2501350881485553,1.102175031225415,-1.4344316461902182,0.06998567708606449,-0.402920029952892,0.0,0.0,1.0,1.0,1.0,0.0,3.293043220775761,0
-0.45474049471501327,-1.6315534109804373,1.1183791768210825,0.18127008759073565,1.0994228338070926,0.16018867707587572,1.0,0.0,0.0,1.0,0.0,0.0,3.028378422751763,0
1.3456791949217584,-0.16648514332391723,-0.6486177550131572,-0.7016613587724096,0.011470196212339032,0.8259768970659315,1.0,0.0,0.0,0.0,0.0,1.0,1.0708681186532785,1
-0.2961054216417274,-0.252890003255539,-0.8509236081201097,-1.1684588630679278,0.3279550561675045,-0.22062497665898795,0.0,0.0,0.0,0.0,1.0,1.0,0.30396190647221066,1
0.9657581804300328,-0.23918336390624095,-0.9649348173457559,-1.522648391784411,-1.4972281724417476,-1.0049359102083466,0.0,0.0,0.0,0.0,1.0,0.0,0.7508302082448425,1
-0.9686172767590574,1.2219537211359008,0.8926939638338761,0.8384766888328975,-0.7145176689514261,1.022362873622134,1.0,1.0,0.0,1.0,1.0,0.0,0.50485231415881,1
-0.47531498135867606,0.3287738402247017,-0.7346463882714198,-0.586586386864235,-0.46747838251822404,0.5070868122486036,1.0,1.0,1.0,1.0,1.0,1.0,1.452619802954931,1
2.4928696615608463,1.7146429134680012,0.7732917007373731,2.1390401817464455,1.4271332290446808,-0.6113764889177988,0.0,0.0,1.0,1.0,0.0,1.0,7.1612611524135845,0
-0.3015442767448349,-0.4212910934120641,-0.39859205957858684,0.29146616457339175,0.23187924376802832,-0.12408978328904548,1.0,1.0,0.0,1.0,0.0,1.0,1.8759422098292955,1
-0.1689040738454967,-0.4476042674078242,-1.1921538281722561,-0.8024952572603906,-0.2522977332188049,1.7720721617208088,1.0,0.0,0.0,0.0,0.0,0.0,0.6160633721537964,1
0.009754928122796422,0.9355923653687271,1.2099991789709685,-0.4655402343379107,1.3399196441244707,1.179487709179251,1.0,0.0,0.0,0.0,0.0,0.0,0.5755713341278549,1
1.0424557464690225,0.27838960880253616,-1.3743861980994396,-0.47908270842757755,1.2370650987710308,0.26461118991777033,1.0,0.0,0.0,0.0,0.0,1.0,2.211986975994665,1
0.7513329358576808,0.3911995085674422,-0.57447510542772,-0.4657453519665714,-0.11216653321144167,-0.3057539578309446,0.0,0.0,1.0,0.0,0.0,0.0,2.2113421626294123,1
-1.0372942932347746,-1.0780570449120557,0.49136291592740117,1.1263021351434215,0.1048216465534233,-0.04158431311789579,0.0,0.0,0.0,0.0,0.0,1.0,0.988211720945684,1
0.3832514468074513,-0.862499668673724,0.2361487190068145,0.7788588278034158,-0.5303370793410884,-1.3312102955520273,0.0,1.0,1.0,0.0,0.0,0.0,2.690221234576293,0
0.6810453014490572,-0.3403101781589931,-0.8095232180410353,-1.8609055837052815,-0.6690032246680742,2.058476177785794,0.0,0.0,0.0,0.0,0.0,1.0,2.891455339556052,1
-0.46028767451642316,-1.6130577187271276,-0.8904487088609455,-0.4678110380674498,0.23484891260828816,-0.8218001044049803,0.0,1.0,1.0,1.0,1.0,0.0,1.842384294492715,1
0.06800276918265567,0.3505569104796525,0.4364300968489027,0.48893243071712134,2.3157930626743397,0.8894319880549696,1.0,0.0,0.0,0.0,1.0,0.0,0.8369728626937029,0
-0.5989037234736896,-1.0109158056096048,-0.4476400952424917,0.09375475323355112,-1.0432821166148272,0.4696931463897805,0.0,0.0,1.0,0.0,0.0,0.0,2.8539214053947077,0
0.3470180226422232,0.7958762857489746,1.8463745018628124,0.35121886209044323,0.2613559476369979,0.06219206611931582,0.0,1.0,0.0,0.0,0.0,0.0,1.2181489590628924,1
0.10029142770007372,-1.2737694455716744,-1.5253135605120993,-2.4483408794552375,-1.1763940644430906,-0.25617115693589926,0.0,0.0,1.0,1.0,1.0,1.0,0.30419362723791427,0
0.3940807973619371,-1.6331741732948624,0.05587325030877746,0.39568059226600183,0.6875628188442506,0.5648936537366214,1.0,1.0,1.0,0.0,1.0,0.0,2.1511354730599193,0
-1.11238170306847,0.1917295335627532,0.5661601811820391,1.250258825742541,0.8945399686061092,0.5316096678608752,1.0,1.0,0.0,1.0,1.0,1.0,0.49783878789455727,1
0.06239834253505698,1.604657943077151,2.3865269640372735,0.8621206753805206,0.42156095372747465,0.04373344010729027,0.0,1.0,0.0,0.0,0.0,0.0,1.1689844256337543,1
0.37332933320425193,-0.3203263820356589,-0.0666264357450179,0.14434606233443195,-0.2897087320967872,-0.6482742809716207,0.0,0.0,0.0,0.0,1.0,1.0,2.2932268113401455,1
0.30219389686450243,0.6738421958920635,1.1915325180071066,1.0169624157971773,-0.4018661746186532,-1.155431260766581,0.0,1.0,0.0,0.0,1.0,0.0,0.9793656324076305,1
0.6404477893088288,0.7654769695682694,-0.3850717878191725,-0.682950432463657,2.1458017837548167,0.5517571612116957,1.0,0.0,0.0,0.0,1.0,1.0,2.024184459763431,1
-0.7808188743500271,-1.0852849515275613,-0.994180007994704,-0.08561353741116355,-0.025319518712373295,1.4875134318433718,0.0,0.0,1.0,1.0,1.0,0.0,2.0369439509594938,0
0.3992811211964423,0.8314526570078364,-0.3763468561640071,-0.5062625785826946,1.3739696955999356,-0.18493037434099538,0.0,0.0,0.0,1.0,0.0,0.0,0.8731290610373571,1
0.40996453731472876,0.1559316121292927,-1.334047655432461,-0.7872453650393995,-0.15713131386619617,0.2953103620524811,1.0,1.0,1.0,1.0,1.0,1.0,0.9254253351434273,1
-1.7762166229712106,0.3639332908176267,1.247595358423984,2.1693924049132356,1.1823960551381352,0.5150209266530028,1.0,1.0,0.0,0.0,0.0,0.0,0.7101062699168902,1
-0.290469376917626,1.2895453930395304,1.0085892521728745,-0.15135683005164616,0.23169752515089856,-0.24724198268083067,0.0,1.0,0.0,1.0,1.0,1.0,0.7573501219729646,1
0.12355623510854828,-0.6106216816441,-0.28104938354468095,0.3604207324394556,2.1260272656734984,1.0622727525872615,1.0,1.0,1.0,0.0,1.0,1.0,1.85826375675785,1
-1.1163492659820804,-1.1807355002014746,0.1683858383493787,-0.35717405551871695,1.170715609514308,1.751904358505618,0.0,0.0,0.0,0.0,0.0,0.0,2.1717358562297187,0
0.1372213194885349,0.4760390079811439,0.7470386421177931,-1.3258693762584775,-0.9460492847236144,-0.11140451357328161,0.0,0.0,1.0,0.0,1.0,1.0,1.659860204905545,1
0.5653272242336063,1.0345711721052029,1.0778574944395758,0.19748283956183693,0.6011741732944396,-0.4335426610110307,1.0,1.0,1.0,1.0,1.0,1.0,2.6513735124794993,1
-0.40475087028351536,0.5312337193424834,0.16000732722330385,-0.9031047362474232,-1.2399810535688092,-1.8012788928456211,0.0,0.0,0.0,0.0,0.0,0.0,1.4126639827525997,0
0.8231300167497123,0.4177882900415186,-0.09348115630497021,-0.7681935286459988,0.1291504106440099,0.024122198257526824,1.0,1.0,1.0,0.0,0.0,0.0,1.779681794971679,0
-0.5429503713399382,-0.10372159522996074,-0.6551154640713504,-0.6803598867014137,-1.2383475100191506,-1.2186874633965625,0.0,0.0,1.0,1.0,1.0,1.0,0.575850709628373,1
-1.1327651045473353,-0.9128765844388318,-1.3908398811958629,-0.08177637993652132,1.4283851645993058,1.187498338850311,1.0,1.0,0.0,1.0,0.0,1.0,0.4340882509915566,1
1.3307782983543002,0.13493274371127753,0.2518397361651034,0.4973138715311397,0.0009741271755020656,1.2436465390512998,0.0,0.0,0.0,0.0,0.0,0.0,0.8124765683486113,0
-0.9926458941004194,-1.7507076899421061,-1.5138146590447508,-0.3372033509510617,-0.4948186713326409,-0.34208943682788484,1.0,0.0,1.0,1.0,1.0,1.0,3.169579077222928,0
0.44656742597592414,1.4574415410450046,0.28048567828905707,-0.36854851801640454,0.4137440415197121,0.1425101406771633,0.0,0.0,1.0,1.0,0.0,1.0,2.5837522563746385,1
-0.6448841191297883,-0.6525413857786614,-2.015989379855683,-2.283772236367336,-1.7936742834054238,-0.6444803768618227,1.0,0.0,0.0,0.0,1.0,1.0,0.4011069970154597,1
1.4215985073841921,1.3531526217809038,3.466217179956718,0.6564542331343888,-0.6214792290303168,0.36603645869887297,0.0,1.0,0.0,0.0,0.0,0.0,3.214092389447649,1
0.6270392421820621,1.8072865139878151,1.0017667817590963,0.2618152735536737,0.6367277562950683,-0.3832939591730761,0.0,0.0,0.0,1.0,0.0,0.0,0.5731016982074482,1
-0.40732892936507914,-0.20054625629153003,-0.33789078469264583,0.3517804209213903,0.2529588186325696,1.4670214581006986,0.0,0.0,0.0,1.0,0.0,1.0,1.9812765010463256,1
-0.3154934955081018,-0.31810277150055094,-0.6267521194525967,-0.2204285595036702,0.6945057895321154,-0.6374824481808402,1.0,1.0,1.0,1.0,1.0,1.0,1.8677526226588685,1
0.9367570243355914,-0.32264217324566613,-1.352209496959027,-0.32641637694451353,1.2437451316288517,2.7947765718631423,1.0,1.0,0.0,0.0,0.0,0.0,0.5197601598346383,0
-0.16741727341858456,0.48052438831764527,-0.511215749268485,-0.6204483452967293,-0.2921933524741312,-0.8208319096737741,0.0,0.0,0.0,0.0,0.0,0.0,1.1431658675196577,1
-0.37593673358423735,0.4720352337362952,-0.41782101517221526,1.2309094270591443,0.7758886877569886,0.10306295522526861,0.0,1.0,1.0,0.0,0.0,1.0,0.837952010196727,0
0.278616801371904,1.577074569228202,1.6902105577590236,-0.3249334868302823,-0.8277697088075089,-3.0103458360655644,0.0,1.0,1.0,1.0,0.0,0.0,2.565436189442392,1
-0.3575889091780864,0.18633303316258298,1.850162041002701,0.20261610432708124,-0.3673041485623177,0.5857154506313796,1.0,1.0,0.0,0.0,1.0,0.0,1.4934627243389509,1
-2.25747962403151,-0.22097592936527663,-0.8972468050623584,-0.8467382388457677,-1.542411718126562,-0.9692835027392641,0.0,0.0,0.0,1.0,1.0,0.0,0.32920552583326407,1
0.5786529700942971,0.5359475935141063,0.29536678128045185,0.4289573424882813,0.2069693148148862,0.6356684166551889,1.0,1.0,1.0,1.0,0.0,1.0,2.809260657250428,1
0.8800442397095785,2.0782849354612827,1.3411019807467952,0.7840775065671186,-0.32569766602380384,-1.0634781802678206,1.0,0.0,0.0,0.0,1.0,1.0,2.9216118044003143,1
-0.32553905340043127,-0.6903204423556747,-0.9198759609536069,-1.9095970973887177,-1.4374190453534748,-1.4377372174241125,1.0,1.0,0.0,0.0,0.0,0.0,1.1860142320263247,1
-1.1639817900759208,-1.5545076835765361,0.7597836046839296,1.0337733645360128,-1.1696096830498752,-2.0705688806854843,0.0,0.0,0.0,1.0,0.0,0.0,4.634309883477298,1
0.5883651653245843,0.4948070552085669,-0.10620083649901363,-1.1592934911367796,-2.03192882505663,-1.400792906299822,0.0,0.0,1.0,1.0,0.0,0.0,1.4446398416567172,1
0.2663561630603444,0.18677810731357367,0.06069387181374242,-0.21350496422947135,-0.25094047863776414,1.54452339715255,1.0,0.0,0.0,1.0,1.0,1.0,0.7201089750629754,1
-0.44458996198843537,-0.0741294950113896,-0.7311970471054646,0.5252173666001538,-1.355468795450739,-0.4632811017339968,0.0,0.0,1.0,1.0,1.0,0.0,1.6925345541348558,1
0.26191119422744724,0.9772667685671598,0.25401202728925354,1.8195902482550008,0.04367853933723681,-0.2539802120401255,0.0,0.0,0.0,0.0,1.0,1.0,0.9132357134250221,1
-0.12240740747475228,0.31373371677523143,0.735310596153289,1.5718796877965704,1.3170458948480188,0.3070405113135709,1.0,0.0,1.0,1.0,0.0,1.0,2.1271110057045304,0
0.14001643991204918,-0.6466819589249488,0.5559314826337959,0.5931445679504722,0.8347418582556926,0.2872748276309485,0.0,0.0,0.0,0.0,0.0,1.0,1.544249518111916,1
0.14378323337284152,-0.3162864097880476,-0.3440800858332799,1.2247798222586925,0.684138367369825,1.0171315440968831,1.0,1.0,1.0,1.0,1.0,0.0,1.689671812443308,1
-1.1687025997088083,1.0287153673091352,0.2938760894062856,-1.1178144539120567,-0.20157628758684185,-0.00964135213968513,0.0,1.0,1.0,1.0,1.0,1.0,0.11709513565904094,1
-0.19750326586750802,-0.7538428963057558,-0.3593404345459483,-0.5828895743153494,-0.2261016699277103,-0.029900471519852718,1.0,1.0,1.0,1.0,1.0,1.0,3.3676134944009193,1
0.1422080942537432,1.1838039259772606,2.01558879344521,-0.2927833589100608,-1.8356430603219906,-1.5614078142123982,0.0,0.0,0.0,0.0,1.0,1.0,1.7009722133296439,1
0.9326570865223162,0.47103151491444006,1.037171037894586,1.0148633306305985,0.07691308316834115,0.07988279916969215,0.0,0.0,1.0,0.0,0.0,1.0,2.256564380434139,0
-1.7086323378588124,-0.7236295526683297,-0.19526410404724637,-1.2233936053509387,-2.0632835838437296,-1.2837906052038666,1.0,0.0,0.0,0.0,1.0,1.0,0.8158871377136434,1
-0.5824810232206231,0.17136058776728966,0.5283241182599333,-0.6998095446618764,-1.2495786795485402,0.1725912073689662,1.0,1.0,1.0,0.0,0.0,0.0,1.025921998800884,1
-0.37497420623381206,-0.6712711656288108,0.41469299982929686,0.09869004724854953,0.6833758257770105,-0.23626338168502478,1.0,1.0,1.0,1.0,1.0,0.0,0.8439843927712681,1
0.4566003278421128,0.625919476667867,-0.7885470129475586,-0.838447261578769,-1.5856018975200337,-0.515031126317077,0.0,1.0,1.0,1.0,1.0,0.0,0.6595048573584068,1
-0.9623076016310296,-0.6017621077745059,-1.1224069175547005,-2.4228390247427507,-0.3027258666973829,0.04332931398821088,0.0,0.0,1.0,1.0,1.0,1.0,0.4092436695125402,1
-0.9013006830207833,-1.3556434998684557,-0.8106526978737048,-0.4034629048172693,-0.07756626487900485,-0.963517410913375,0.0,0.0,0.0,0.0,0.0,0.0,1.7497837320721215,1
-0.42493339191435187,-0.8518739477792387,1.1779851685494152,1.2055189211144448,1.3372824994554608,1.5219329579791514,1.0,0.0,0.0,1.0,0.0,0.0,2.950212763952127,0
0.29253883939853836,0.9254746759536652,-0.024636363199937096,0.5035607448061868,0.7803594734355804,0.9685550631284765,0.0,1.0,0.0,0.0,1.0,0.0,0.28609680682241456,1
0.036052240906819036,0.6468139078634922,-0.23089971885533556,-0.8425134755255892,-0.9995459924015189,1.6261918213765845,1.0,0.0,0.0,1.0,0.0,0.0,0.726902510286261,0
-0.5082335656948687,0.1525154508542827,-0.3100036236600591,-0.19245679315323289,-0.4223159502536651,0.18425681992397439,0.0,0.0,0.0,0.0,0.0,0.0,0.4759519605557478,1
-1.821853037701554,-1.844052201282231,-0.21233679187865911,-1.0900316499374703,0.22113921776988607,0.7761447245507962,0.0,0.0,0.0,0.0,0.0,1.0,0.47611694302220975,1
0.4989344299663663,0.5625870267930992,-0.8086662514182892,-1.029827881828979,-0.27835412349902683,-1.183730815942134,0.0,0.0,1.0,1.0,1.0,0.0,2.7810849470760015,1
-0.9722162280805692,-0.5841311417208863,-1.5691719867065856,1.2783860443958461,0.4052242711769408,1.1339957743285065,1.0,1.0,1.0,1.0,0.0,1.0,1.2614187311382525,1
0.47718284158868335,1.2413114258989266,1.1506632390290084,2.487303270934876,2.221799213628473,0.7718655335287542,1.0,0.0,0.0,0.0,0.0,0.0,1.7948282546230196,1
-1.9756461679199748,-0.4276769542409129,-0.4605598883769368,-1.1233262915643423,0.08919290290744858,-1.120550516359571,0.0,1.0,1.0,0.0,0.0,1.0,0.2040495454372232,1
-1.0674168779810165,-0.602991642226813,-0.1830435960185498,-0.5314467929781281,-1.8375868531304378,-1.9592300016265127,0.0,0.0,0.0,0.0,0.0,1.0,1.2230170995355247,1
-1.7103987082398688,-2.00145132408994,-0.23472153992773503,-0.4123146359748528,-0.958122306912135,-2.8461179903602973,0.0,0.0,0.0,0.0,1.0,0.0,0.6646462243079135,1
-3.1235346163572952,-2.1022494795681785,-0.7984037317117487,0.03883086247795882,0.13736522216569538,0.07612612276476978,1.0,1.0,1.0,1.0,1.0,0.0,1.8868697261704979,1
0.1679624902281445,-0.40606040902074425,0.8382636339836569,0.6725529707114891,1.7114297373007512,0.1941771311397557,0.0,0.0,1.0,1.0,0.0,1.0,3.7254253700152984,1
0.4016382809910508,-0.42162347703569275,-1.7669732443138113,-0.6241052952795839,-1.6504599909076012,-0.39171989177891686,1.0,0.0,1.0,0.0,0.0,0.0,2.998802418721605,0
-0.7298146044552363,-0.21048806608700935,-0.5546179267060187,0.5889267303766232,2.181724987379483,1.1618354154283919,1.0,0.0,1.0,0.0,0.0,0.0,0.9779097400952281,1
1.5819559538508114,1.557256764724615,1.7568215337531512,1.1775347679621342,0.4674709456958896,-0.3267282922702586,0.0,0.0,0.0,0.0,1.0,1.0,1.5276875170990487,1
0.18973240156336643,1.5758726180880653,-0.5185772590146951,-0.2508640099950707,0.4526567291262301,-0.29734800489063457,0.0,0.0,0.0,0.0,0.0,1.0,0.3470897560998407,1
0.5970813864048421,-0.7762520770342454,0.461167962714482,0.4632688883548562,0.6144420111575496,0.1954437035515712,1.0,1.0,1.0,0.0,0.0,0.0,1.453318438008028,0
0.2830298767670581,1.7959104703879603,1.9652090055331597,1.4901998267530712,0.3843099763508211,0.6390285182040945,1.0,0.0,0.0,1.0,1.0,1.0,1.866716042359778,0
-0.1391800078021329,0.6890301952787374,1.022778642385439,0.3703022576633106,0.8322586379616809,-1.2409013985970578,0.0,0.0,0.0,1.0,1.0,0.0,1.471148902964018,1
0.40844351292422615,0.43536690020526225,-1.4323418085947686,-1.0837160726268988,0.18386046025232639,-0.16140052824680517,1.0,1.0,1.0,1.0,1.0,1.0,1.1596373247197558,1
2.246091409888309,0.3227644486693383,1.8623380574754813,1.3679985046282603,1.3329962671756794,-0.2629210116930444,0.0,0.0,1.0,1.0,0.0,0.0,1.2250637804106614,0
0.016315609225973377,-1.5229498327482753,-1.751284565638388,-0.3416645027276854,0.6896678007173579,0.2278327932534991,1.0,0.0,0.0,1.0,0.0,1.0,4.48425131880542,0
0.36072610300117486,-1.8052353269996317,-0.11002084491381955,-0.017755746577976666,0.5838550616124886,0.4870062900142521,0.0,1.0,1.0,0.0,0.0,0.0,1.1887915833764129,0
-0.33240829390233995,0.6655288973635474,0.8626189063558298,0.1105028398816482,1.649554533225591,1.646145902823879,1.0,0.0,0.0,1.0,1.0,0.0,1.1295172738289223,0
-0.5495657351233237,-0.8017314928506472,-0.3166452552080143,0.9203139064866013,0.39997117619756944,-0.020576387862821784,1.0,1.0,0.0,0.0,0.0,0.0,0.6424988330993185,1
-0.34280343481541914,-0.863806780006833,-2.1052537703132015,-0.8963736632118623,-0.5556211867740214,1.2273414606766313,1.0,0.0,0.0,1.0,1.0,1.0,1.45918057184582,1
0.20889041502864455,0.7744819757821981,0.8843480959435398,0.5397813567509488,0.21658776707152883,0.724021414298257,0.0,1.0,1.0,0.0,0.0,0.0,0.5719093327269021,1
-0.2216458997181307,0.6024726887438895,0.3220387644829226,1.0946579229430615,1.261360877520955,1.0821607809576936,0.0,0.0,1.0,1.0,1.0,1.0,1.7496619208301845,1
0.31483561476438604,1.295866405621377,0.9344116170639213,1.6583870837034138,0.9406504612407054,-0.7081702750245866,1.0,1.0,1.0,0.0,1.0,1.0,1.3097779299411818,0
0.8322232816093703,0.20224667183266698,-1.284053766805704,-1.542555940670153,0.9624859891405234,-0.5475429308526725,0.0,0.0,0.0,1.0,0.0,0.0,0.5437120739897291,1
0.1288622911105624,0.2412045002469224,0.3521221143989103,-1.2077795452928144,-0.6948160827700164,1.2238305185145344,1.0,1.0,0.0,1.0,0.0,1.0,2.0538883491705158,0
-1.3127937472414755,0.6679108174678385,1.1964849196627878,0.6028295150950784,2.1772216455517914,0.5067771965978329,0.0,0.0,0.0,0.0,0.0,1.0,0.7811077962724093,1
0.049879603572830625,0.3687273008653561,-0.07704501906743169,0.058905023169155545,0.05623220858021374,1.4317417213579422,1.0,1.0,1.0,0.0,0.0,1.0,1.1581602607945782,1
-0.48556033907996005,-1.1179264854303028,-0.3746372057372499,-1.0447607116350675,0.45829211281588744,-0.17492199192608907,1.0,1.0,1.0,1.0,1.0,0.0,3.9639428052500474,0
1.6120086568117955,-0.16813337988182855,-0.4165652764107617,-0.36510317991201235,0.272760586463132,1.470131317810683,1.0,1.0,1.0,1.0,1.0,1.0,0.7587970499502458,1
-0.066424170703558,0.1356174408230941,-1.484190983026921,0.8140761462011034,0.9127973524076303,0.42597003270939804,1.0,1.0,1.0,0.0,1.0,0.0,2.1475818744239925,1
-0.6264964698459641,0.8921997999911745,1.3280595766314214,-0.12212220237724715,1.1966980272975056,3.2728036473720277,1.0,1.0,1.0,1.0,1.0,0.0,1.16856459061003,1
1.0341148499615083,0.09630341403483145,-0.6686302124062035,0.2577447684749744,-0.5936438038072496,-1.2678414194002419,0.0,0.0,0.0,0.0,0.0,0.0,1.4093134803112242,0
-1.6793064076586017,-1.5783423487987058,-0.8093763373976687,1.1037124017416597,0.053489555837044504,1.7235044962292776,1.0,1.0,0.0,0.0,1.0,1.0,0.7248388374347372,1
0.08204607617094503,0.4534695289951201,-0.4795883211520039,0.5999118433400658,0.47708060801578095,0.8202738801771046,1.0,1.0,0.0,0.0,1.0,1.0,1.187920421477166,1
-0.6621624800743052,0.9642851500373895,0.3282272412053718,-1.175454050034862,-0.12827831253450314,0.22805641165168886,1.0,1.0,0.0,0.0,1.0,1.0,0.6491692181668401,1
0.8924039514449239,0.8989308634239587,-0.2320064865349721,0.7547175919563655,0.17836900096528632,0.671920624043577,1.0,0.0,0.0,1.0,0.0,1.0,3.3596709795163453,0
0.3175683528725889,0.2289039759599614,-0.6817170050173464,-1.686196080976188,0.1923369979247174,-0.17267995186776308,0.0,0.0,0.0,0.0,0.0,0.0,0.36388629788088817,1
1.2314595448194148,0.45670704737313106,0.11357973011564047,-0.22766007552079626,1.9240900800935175,0.31023057609449467,0.0,0.0,0.0,1.0,1.0,1.0,3.2504170025899426,1
0.018140498492271378,0.039768823506492836,-0.3269405153168474,-0.9943656013935506,0.3188489073310075,0.579180028252258,0.0,0.0,0.0,1.0,1.0,0.0,1.5778968564367892,0
-1.0343517327373974,-0.40462129415251097,-1.1276726010873361,0.9449271178110565,-1.079993521051654,-0.8907654852317201,0.0,1.0,1.0,1.0,0.0,1.0,0.5249766493999277,1
-1.1440634553822921,-1.1883960125041544,-0.6317841244813835,-0.6077085789509733,0.8706106858359701,0.612352847698007,1.0,1.0,0.0,1.0,1.0,1.0,0.6901273154014457,1
0.26442697256945324,0.6168928924085851,-0.1992766968144151,-0.18767602367124267,0.6288176890373488,1.042645201818847,1.0,1.0,0.0,0.0,1.0,1.0,0.8963054101039035,1
1.2148245955429948,-0.06214675969153627,-1.3765082007765892,-1.6829897891731007,-0.39926633729185107,0.25992955083356994,0.0,0.0,0.0,1.0,1.0,1.0,1.5088762252568773,1
-0.14964241111347065,0.5652478519303498,-0.49868192082271107,-0.8328725504712203,-2.1434802488719478,-1.0970906554470994,0.0,0.0,0.0,0.0,0.0,0.0,0.6556202316633913,1
0.9447146110312088,1.1490808291438774,-0.06497423526886224,0.5297437359183725,0.48703898681784413,0.6671740129199496,1.0,1.0,1.0,1.0,0.0,0.0,1.0455483606126172,0
-0.12617969357915612,-0.40115802926291255,0.3180480180385999,0.05101968911571715,-0.056706763416480996,-0.042357722826640264,1.0,1.0,1.0,0.0,0.0,0.0,1.1553537660274429,1
-0.3556327290695932,0.4284594835141205,1.1806127044442838,1.4232493903532266,2.088793935592467,0.7945801021399426,1.0,1.0,0.0,1.0,1.0,1.0,4.009418927725641,1
1.445733974308117,1.5766151959004078,0.5981775303762799,1.43471924076903,0.1454908585915829,-0.3985998236907031,0.0,0.0,0.0,0.0,1.0,0.0,1.394247768590494,1
-1.4712927586904054,0.14357379381592794,0.7474130434785587,-0.5132010601093783,-0.74959699967381,1.1790932783444925,1.0,1.0,1.0,1.0,1.0,0.0,0.9384920902992047,1
-0.1503468744102117,1.1236908051227068,0.2863330728767503,-0.00212540502531728,-0.684372913401861,-0.5269048217654498,0.0,0.0,0.0,0.0,0.0,1.0,0.12824572028254053,1
0.6059942943869506,-0.7999236643234331,-0.9572465864090538,-1.8262476412438073,-1.2953670184956803,-1.6571291878370578,0.0,0.0,1.0,1.0,1.0,1.0,3.90036739834016,1
1.6047954488106089,1.118470158132831,0.3329577808903366,-0.6725491511623636,-1.0330356263903393,-0.12616086897768108,0.0,1.0,1.0,1.0,1.0,1.0,1.4316620358544363,1
0.33921232106204646,1.3999378591311282,-0.47088182851258564,0.3887836265019295,-1.4611143958608668,-1.6407370645075972,0.0,0.0,1.0,1.0,1.0,1.0,1.408000278501908,1
1.0633518885397935,1.6731858291408424,0.5490777332056727,-0.15961234587389436,1.009308117185839,-0.07812849661915969,0.0,0.0,0.0,0.0,1.0,1.0,1.7460189494342049,0
1.4877243571996817,1.34223511088002,0.6491364955182569,-0.44750807262642084,0.10639843014706807,-0.15658173913942314,1.0,1.0,1.0,1.0,0.0,0.0,1.3658143975639665,0
-0.04052937833723604,1.215051410423095,0.40637969641075206,0.7067303749663384,-0.33823130494735176,0.4797546688162082,1.0,1.0,1.0,0.0,0.0,0.0,1.078587473433271,1
0.2320065871158251,0.8331196046350269,-0.4854922131400025,0.6332186941837045,0.3795195397172623,0.24547453099643435,0.0,0.0,0.0,1.0,1.0,1.0,1.3686314197365093,1
-0.3503090805327226,-0.9658440236805182,-0.7670517176946197,-0.609731188415929,-0.9600377361340315,-0.084693680899505,0.0,0.0,1.0,1.0,1.0,1.0,1.9846604567865824,0
2.760803909297449,1.8227127049231562,0.26218453919273116,0.12209722789186402,-0.012327442379339009,-1.8310229128787605,0.0,0.0,0.0,0.0,0.0,0.0,1.8066387857490045,1
0.6703095814531272,1.0432071192149184,0.5458761965608848,0.52718499544982,0.16271119114787408,0.9351514411285096,1.0,1.0,1.0,1.0,0.0,0.0,1.3865429856317386,1
0.5336738257023704,-1.644852283255415,-1.2290429413158668,-1.3120917251161566,0.718688397360979,0.39451206996689797,1.0,1.0,1.0,0.0,0.0,0.0,1.555080508423771,0
-0.19456197874082476,0.6063819358902378,1.8161632795922882,1.6356971353433118,0.36410399920266356,1.5329527779842296,1.0,0.0,1.0,0.0,0.0,0.0,6.042377363338994,0
-0.3151733094911417,-0.762103026664477,0.11847431090680012,-0.20756655329468726,0.3091177679971742,0.10766285565604404,1.0,0.0,1.0,0.0,0.0,0.0,3.113467068805679,0
-0.3675435106756073,0.22938338118419732,0.4458154379297093,0.47653705727254436,-0.02439778757703917,-0.057938692715833275,0.0,1.0,1.0,1.0,1.0,1.0,1.6249411017323387,1
0.21487228164653438,0.5818747379305437,0.5462629591554063,-0.11218114423627429,1.1191338325874038,1.1602383066531263,1.0,0.0,1.0,1.0,1.0,1.0,1.893349225372195,1
