Generator,log p_value
HI-VAE_weibull,0.4599876823044452
HI-VAE_weibull,0.2566155556860859
HI-VAE_weibull,0.4819028083637287
HI-VAE_weibull,0.6322781957893261
HI-VAE_weibull,0.17776435312871613
HI-VAE_weibull,0.195793686513221
HI-VAE_weibull,0.19978991817577535
HI-VAE_weibull,0.26002342764099096
HI-VAE_weibull,0.5373540322870792
HI-VAE_weibull,0.33428222052775153
HI-VAE_weibull,0.459574909264665
HI-VAE_weibull,0.9697094690916643
HI-VAE_weibull,0.863126945498703
HI-VAE_weibull,1.1746524987951343
HI-VAE_weibull,0.6810123986750868
HI-VAE_weibull,1.7518570258289177
HI-VAE_weibull,0.14267282277386434
HI-VAE_weibull,1.3273280413408992
HI-VAE_weibull,0.4322810507834571
HI-VAE_weibull,0.872582653092159
HI-VAE_weibull,0.28851055668975867
HI-VAE_weibull,0.21519772684147023
HI-VAE_weibull,0.8077223085366377
HI-VAE_weibull,0.06302484033484777
HI-VAE_weibull,0.08250261346824388
HI-VAE_weibull,0.12588616919252324
HI-VAE_weibull,0.09135801343981906
HI-VAE_weibull,0.05211167177261059
HI-VAE_weibull,0.9571596773085755
HI-VAE_weibull,0.27627923345840805
HI-VAE_weibull,0.09331858137501557
HI-VAE_weibull,0.15505828686461195
HI-VAE_weibull,0.4097057246858081
HI-VAE_weibull,0.559683153196294
HI-VAE_weibull,0.12556816313933258
HI-VAE_weibull,0.16201800416897758
HI-VAE_weibull,0.499125968323612
HI-VAE_weibull,0.019399423479204796
HI-VAE_weibull,1.4419535253033084
HI-VAE_weibull,0.07672087352843741
HI-VAE_weibull,0.4976540296188095
HI-VAE_weibull,0.3610319447135565
HI-VAE_weibull,0.7094758137932147
HI-VAE_weibull,0.05200581017707161
HI-VAE_weibull,0.9132504607272263
HI-VAE_weibull,0.13326333997124892
HI-VAE_weibull,0.6253523584715596
HI-VAE_weibull,0.30651264668760597
HI-VAE_weibull,0.3421017986786013
HI-VAE_weibull,0.06801119181124445
HI-VAE_weibull,0.29897167910988093
HI-VAE_weibull,0.39855829388187275
HI-VAE_weibull,3.015879148032623
HI-VAE_weibull,0.35874148751200885
HI-VAE_weibull,0.5107512893241447
HI-VAE_weibull,0.20866205360195164
HI-VAE_weibull,0.43373120748953436
HI-VAE_weibull,1.1752550017977696
HI-VAE_weibull,0.1701484214665905
HI-VAE_weibull,0.047962237591102644
HI-VAE_weibull,1.039387593610342
HI-VAE_weibull,1.4106468015723326
HI-VAE_weibull,0.3473729952039158
HI-VAE_weibull,0.174274273238704
HI-VAE_weibull,0.24032655155945756
HI-VAE_weibull,0.22116134698709927
HI-VAE_weibull,0.20658286901730308
HI-VAE_weibull,0.5603842782246168
HI-VAE_weibull,0.6025829556056901
HI-VAE_weibull,1.289671291568304
HI-VAE_weibull,1.5641373644390033
HI-VAE_weibull,0.7165728690699853
HI-VAE_weibull,0.6911333565130574
HI-VAE_weibull,1.2823175968621994
HI-VAE_weibull,0.8139813706293324
HI-VAE_weibull,0.27185902048272365
HI-VAE_weibull,0.1701429789613203
HI-VAE_weibull,0.3959018388641594
HI-VAE_weibull,0.029956397043850377
HI-VAE_weibull,0.13898433600620405
HI-VAE_weibull,0.1775245298039258
HI-VAE_weibull,0.27274408397562167
HI-VAE_weibull,0.9319931087954287
HI-VAE_weibull,0.15470914285542542
HI-VAE_weibull,0.11706448974313251
HI-VAE_weibull,0.1216098776608728
HI-VAE_weibull,0.11905607519559329
HI-VAE_weibull,0.00995178814459595
HI-VAE_weibull,0.042624992374849395
HI-VAE_weibull,0.6724099470099285
HI-VAE_weibull,0.4242411547005562
HI-VAE_weibull,2.5916352569641594
HI-VAE_weibull,0.045429924239550605
HI-VAE_weibull,0.19160199668096586
HI-VAE_weibull,0.11397513499857582
HI-VAE_weibull,0.00751170143534052
HI-VAE_weibull,0.2702807645607552
HI-VAE_weibull,0.6980049629875364
HI-VAE_weibull,1.2992915780109395
HI-VAE_weibull,1.3188069532174866
HI-VAE_weibull,0.4715908365091883
HI-VAE_weibull,0.23754280482381313
HI-VAE_weibull,0.9437010789066769
HI-VAE_weibull,0.1328829681514907
HI-VAE_weibull,0.13432455017570788
HI-VAE_weibull,0.08076308864201533
HI-VAE_weibull,0.9098397755436862
HI-VAE_weibull,0.1822406325374929
HI-VAE_weibull,0.11125064052242262
HI-VAE_weibull,0.0482185129858666
HI-VAE_weibull,0.10295661197103369
HI-VAE_weibull,1.6204125810270786
HI-VAE_weibull,0.21349070364534437
HI-VAE_weibull,0.04612137904307865
HI-VAE_weibull,0.012968191693718947
HI-VAE_weibull,0.15236514068638418
HI-VAE_weibull,0.4452309417269824
HI-VAE_weibull,0.43199353496436355
HI-VAE_weibull,0.35129895295894586
HI-VAE_weibull,0.4782662776128722
HI-VAE_weibull,0.128889967090265
HI-VAE_weibull,0.638345406898993
HI-VAE_weibull,0.010080249654945469
HI-VAE_weibull,0.018079247100334487
HI-VAE_weibull,0.14904832960986675
HI-VAE_weibull,1.428481457529154
HI-VAE_weibull,0.2975108301963382
HI-VAE_weibull,0.09594537997171636
HI-VAE_weibull,0.19845936685332125
HI-VAE_weibull,0.19223677053451665
HI-VAE_weibull,0.26114867565055294
HI-VAE_weibull,0.6996933122138216
HI-VAE_weibull,0.28963299806176523
HI-VAE_weibull,0.44071181357047856
HI-VAE_weibull,0.0473026504978093
HI-VAE_weibull,0.2034955852091074
HI-VAE_weibull,1.1042743314508547
HI-VAE_weibull,0.4834524767615728
HI-VAE_weibull,0.2201935175292665
HI-VAE_weibull,0.06548505019124355
HI-VAE_weibull,0.06966989499898381
HI-VAE_weibull,0.5626962885684972
HI-VAE_weibull,1.275424288528
HI-VAE_weibull,0.014678250821772503
HI-VAE_weibull,0.37853660579447684
HI-VAE_weibull,0.3893717597822008
HI-VAE_weibull,0.16072775852563834
HI-VAE_weibull,1.8039173744414485
HI-VAE_weibull,0.6464335588579602
HI-VAE_weibull,0.21415921126660864
HI-VAE_weibull,1.01529485612032
HI-VAE_weibull,0.07322181218806058
HI-VAE_weibull,0.02864597168067943
HI-VAE_weibull,0.4135208377311629
HI-VAE_weibull,0.7275676097162035
HI-VAE_weibull,0.9279898768451479
HI-VAE_weibull,0.25818459539653915
HI-VAE_weibull,0.9029672920675542
HI-VAE_weibull,0.05415690455892756
HI-VAE_weibull,0.21137275424959653
HI-VAE_weibull,0.42603170335500884
HI-VAE_weibull,0.13030753025629097
HI-VAE_weibull,0.08883119371753677
HI-VAE_weibull,0.41467117161051176
HI-VAE_weibull,0.22465736225318442
HI-VAE_weibull,0.6877144774911216
HI-VAE_weibull,0.3668030578054757
HI-VAE_weibull,1.0641944845704017
HI-VAE_weibull,0.8293251164538187
HI-VAE_weibull,0.5353316664805432
HI-VAE_weibull,0.021588580492797806
HI-VAE_weibull,0.3793307794438682
HI-VAE_weibull,0.4607467214211429
HI-VAE_weibull,0.17558007003268553
HI-VAE_weibull,0.058479017309962134
HI-VAE_weibull,0.1502731906175058
HI-VAE_weibull,1.8965489744653927
HI-VAE_weibull,2.0464769135140335
HI-VAE_weibull,0.5718194794319802
HI-VAE_weibull,0.4976883660163789
HI-VAE_weibull,0.13238691453662693
HI-VAE_weibull,0.6932914123038664
HI-VAE_weibull,0.7527769735095313
HI-VAE_weibull,0.6681824801391254
HI-VAE_weibull,1.313271504442758
HI-VAE_weibull,0.5195275438533876
HI-VAE_weibull,0.4510844525678875
HI-VAE_weibull,0.4154545252049899
HI-VAE_weibull,0.920372811720635
HI-VAE_weibull,0.2631207749161044
HI-VAE_weibull,1.876779366189006
HI-VAE_weibull,0.03766147137109405
HI-VAE_weibull,0.25882972274943317
HI-VAE_weibull,0.1985095000305564
HI-VAE_weibull,0.6448102014062947
HI-VAE_weibull,0.39224107174910416
HI-VAE_weibull,0.7258851855768995
HI-VAE_weibull,0.20017013085520724
HI-VAE_weibull,1.5527481006979116
HI-VAE_weibull,0.1485408568636621
HI-VAE_piecewise,0.06908465282660897
HI-VAE_piecewise,1.017371044200058
HI-VAE_piecewise,1.780054127387758
HI-VAE_piecewise,0.020865170092263678
HI-VAE_piecewise,0.3974947949150057
HI-VAE_piecewise,0.7788483684158868
HI-VAE_piecewise,0.39165812999626903
HI-VAE_piecewise,1.3721617286094532
HI-VAE_piecewise,0.6721574530067439
HI-VAE_piecewise,0.20236341267828384
HI-VAE_piecewise,1.29205814483261
HI-VAE_piecewise,0.7851336820638217
HI-VAE_piecewise,0.2674417674640183
HI-VAE_piecewise,0.804143366759798
HI-VAE_piecewise,0.027377708624038488
HI-VAE_piecewise,1.2036492174718716
HI-VAE_piecewise,0.10354104147638117
HI-VAE_piecewise,0.46807524737505396
HI-VAE_piecewise,1.1015809384933168
HI-VAE_piecewise,0.8367383200198907
HI-VAE_piecewise,0.5598726062442642
HI-VAE_piecewise,0.5630148408065334
HI-VAE_piecewise,0.628414966483534
HI-VAE_piecewise,1.007905885942352
HI-VAE_piecewise,0.026433088997485747
HI-VAE_piecewise,0.1773739760760522
HI-VAE_piecewise,1.4237004619597389
HI-VAE_piecewise,0.7476683264157121
HI-VAE_piecewise,0.13026916746152123
HI-VAE_piecewise,0.3392281359512028
HI-VAE_piecewise,1.231488377794516
HI-VAE_piecewise,0.047621173384830066
HI-VAE_piecewise,0.1509846101456706
HI-VAE_piecewise,0.01751833551218235
HI-VAE_piecewise,0.07960020998133703
HI-VAE_piecewise,0.4605463878595854
HI-VAE_piecewise,1.8585916627535917
HI-VAE_piecewise,0.3492524602959776
HI-VAE_piecewise,0.45999398698340344
HI-VAE_piecewise,0.779335359201697
HI-VAE_piecewise,0.6435728308584504
HI-VAE_piecewise,0.2634958696820249
HI-VAE_piecewise,0.2100175037136476
HI-VAE_piecewise,0.612318016049975
HI-VAE_piecewise,1.4230739822672247
HI-VAE_piecewise,0.17525659062113816
HI-VAE_piecewise,0.7203498406937185
HI-VAE_piecewise,0.06242823389220251
HI-VAE_piecewise,1.333585266915868
HI-VAE_piecewise,1.0466726854002688
HI-VAE_piecewise,1.1286489676323201
HI-VAE_piecewise,0.09877160417926999
HI-VAE_piecewise,0.19891392683078224
HI-VAE_piecewise,0.19358981372621992
HI-VAE_piecewise,0.11661776504772126
HI-VAE_piecewise,0.06925949783643869
HI-VAE_piecewise,0.75094827609379
HI-VAE_piecewise,0.15104741558009285
HI-VAE_piecewise,0.17338609187727702
HI-VAE_piecewise,0.10514283310500988
HI-VAE_piecewise,0.5901310492798153
HI-VAE_piecewise,1.0881596962604885
HI-VAE_piecewise,0.08681619365112336
HI-VAE_piecewise,0.494527412632347
HI-VAE_piecewise,0.1550997057609424
HI-VAE_piecewise,0.027261174890685462
HI-VAE_piecewise,0.46061759623792436
HI-VAE_piecewise,0.46864350721937303
HI-VAE_piecewise,0.7169279078977462
HI-VAE_piecewise,0.01821060896220704
HI-VAE_piecewise,0.05986981866399093
HI-VAE_piecewise,0.014274137900120982
HI-VAE_piecewise,0.35964046640187464
HI-VAE_piecewise,0.38815736269615314
HI-VAE_piecewise,1.2851971312907524
HI-VAE_piecewise,0.6927045108114573
HI-VAE_piecewise,0.25883132109585133
HI-VAE_piecewise,0.8028826869272898
HI-VAE_piecewise,0.268737796851048
HI-VAE_piecewise,0.30874982871947126
HI-VAE_piecewise,0.2816800880734643
HI-VAE_piecewise,0.4607357715000349
HI-VAE_piecewise,0.8339636777016235
HI-VAE_piecewise,0.31833335050143324
HI-VAE_piecewise,0.340230399859733
HI-VAE_piecewise,0.5408805001352659
HI-VAE_piecewise,0.11449457882485892
HI-VAE_piecewise,0.24113462055385462
HI-VAE_piecewise,0.03346353416519622
HI-VAE_piecewise,0.5824662458792456
HI-VAE_piecewise,0.4780015954851936
HI-VAE_piecewise,0.03458322043378122
HI-VAE_piecewise,1.538830075283328
HI-VAE_piecewise,0.22434793852411467
HI-VAE_piecewise,0.38834813473734897
HI-VAE_piecewise,1.5905506216636733
HI-VAE_piecewise,0.3203124069133657
HI-VAE_piecewise,0.3053754349521415
HI-VAE_piecewise,0.5546742957212337
HI-VAE_piecewise,0.45580627789383127
HI-VAE_piecewise,1.3817023438832017
HI-VAE_piecewise,0.542924846242799
HI-VAE_piecewise,0.2966707109655207
HI-VAE_piecewise,0.10979585275467085
HI-VAE_piecewise,0.4564880321349028
HI-VAE_piecewise,0.18193021953419963
HI-VAE_piecewise,0.10282638418213624
HI-VAE_piecewise,0.6712498524561976
HI-VAE_piecewise,0.05953726982987317
HI-VAE_piecewise,1.0160148133952942
HI-VAE_piecewise,0.07420265889846087
HI-VAE_piecewise,0.030361497058485218
HI-VAE_piecewise,1.0384889429514046
HI-VAE_piecewise,0.0989487152250169
HI-VAE_piecewise,0.5851873249563081
HI-VAE_piecewise,0.2357386950273237
HI-VAE_piecewise,0.05603195577271297
HI-VAE_piecewise,0.21541780759064025
HI-VAE_piecewise,0.08524116559177222
HI-VAE_piecewise,0.2929766957407277
HI-VAE_piecewise,0.71749543234287
HI-VAE_piecewise,1.175705290192533
HI-VAE_piecewise,1.0489893967154171
HI-VAE_piecewise,1.4143688937532342
HI-VAE_piecewise,2.0894459156223038
HI-VAE_piecewise,0.08943001660161089
HI-VAE_piecewise,0.6191260952711518
HI-VAE_piecewise,1.2912301392281622
HI-VAE_piecewise,0.7011898909201756
HI-VAE_piecewise,1.5120466827306422
HI-VAE_piecewise,1.052217690352379
HI-VAE_piecewise,0.09591174860114449
HI-VAE_piecewise,0.04887769048163658
HI-VAE_piecewise,0.33326564805733516
HI-VAE_piecewise,0.38242097385284707
HI-VAE_piecewise,0.40787239256148966
HI-VAE_piecewise,0.15158285754733528
HI-VAE_piecewise,0.20125969901628804
HI-VAE_piecewise,0.09077470051047795
HI-VAE_piecewise,1.0616181481851217
HI-VAE_piecewise,0.6630121551972895
HI-VAE_piecewise,0.5319241723992909
HI-VAE_piecewise,0.1945935562088763
HI-VAE_piecewise,0.18853660221804375
HI-VAE_piecewise,0.002646904520662305
HI-VAE_piecewise,2.116901403015807
HI-VAE_piecewise,0.4255918591144591
HI-VAE_piecewise,0.5128238640721685
HI-VAE_piecewise,0.36186604797023214
HI-VAE_piecewise,0.2192961372028757
HI-VAE_piecewise,0.4317420904269305
HI-VAE_piecewise,0.5356269874844264
HI-VAE_piecewise,0.5569415352281814
HI-VAE_piecewise,0.3693604244904513
HI-VAE_piecewise,0.018996160747976606
HI-VAE_piecewise,0.01405728048687129
HI-VAE_piecewise,0.19942769637931546
HI-VAE_piecewise,0.06782759389699813
HI-VAE_piecewise,0.39921898151955565
HI-VAE_piecewise,0.010299220751852028
HI-VAE_piecewise,0.25686846991674134
HI-VAE_piecewise,0.1595649457752399
HI-VAE_piecewise,0.20466360954736307
HI-VAE_piecewise,0.45989129132006623
HI-VAE_piecewise,0.12225460481965085
HI-VAE_piecewise,0.23365025195817235
HI-VAE_piecewise,0.49503069812912937
HI-VAE_piecewise,0.19456182755922868
HI-VAE_piecewise,1.0755037676273853
HI-VAE_piecewise,0.0993166489207546
HI-VAE_piecewise,0.01187476066564375
HI-VAE_piecewise,0.6959520660035401
HI-VAE_piecewise,0.07791577124094251
HI-VAE_piecewise,0.8799331609014726
HI-VAE_piecewise,0.9830859517266576
HI-VAE_piecewise,0.5320500247951934
HI-VAE_piecewise,0.6521655918866611
HI-VAE_piecewise,1.525290302767877
HI-VAE_piecewise,0.04956014788214157
HI-VAE_piecewise,0.38623987350416555
HI-VAE_piecewise,0.29292554602135196
HI-VAE_piecewise,0.6767814805176895
HI-VAE_piecewise,0.30223828288627097
HI-VAE_piecewise,0.3338315052902549
HI-VAE_piecewise,1.4281948873729533
HI-VAE_piecewise,0.5780464080344341
HI-VAE_piecewise,0.2822747914695697
HI-VAE_piecewise,0.06711004974921136
HI-VAE_piecewise,0.10067924840372752
HI-VAE_piecewise,0.5530346013362246
HI-VAE_piecewise,0.12894532693961125
HI-VAE_piecewise,0.7955868377948693
HI-VAE_piecewise,0.007672898416668273
HI-VAE_piecewise,1.2283232122654208
HI-VAE_piecewise,0.9476275754044867
HI-VAE_piecewise,0.4570448012983524
HI-VAE_piecewise,0.21895209049580006
HI-VAE_piecewise,0.21408136209754203
HI-VAE_piecewise,0.11491701021984482
HI-VAE_piecewise,0.3606653764065629
Surv-GAN,0.15650665793987742
Surv-GAN,0.6377621266012612
Surv-GAN,0.7744162300394454
Surv-GAN,0.08512071203469469
Surv-GAN,0.7060308137246004
Surv-GAN,0.7611046490105272
Surv-GAN,0.673145338551116
Surv-GAN,1.0243655438746093
Surv-GAN,1.30110418521979
Surv-GAN,0.6633516436711672
Surv-GAN,0.9887813270859698
Surv-GAN,0.4683927350461845
Surv-GAN,0.09188324146822084
Surv-GAN,1.4460472160296372
Surv-GAN,0.4410465086191868
Surv-GAN,0.6655157610223874
Surv-GAN,2.63730931897516
Surv-GAN,0.7578616737265111
Surv-GAN,1.1715510318766904
Surv-GAN,0.06593871694917267
Surv-GAN,0.7130624060213013
Surv-GAN,0.053659203576403205
Surv-GAN,0.38003696577989693
Surv-GAN,0.0564328598733329
Surv-GAN,0.11416943836973391
Surv-GAN,0.36159655983129085
Surv-GAN,1.9647534604843298
Surv-GAN,0.09393216631890679
Surv-GAN,0.05535904634815454
Surv-GAN,0.3174845508077626
Surv-GAN,0.5527021475198651
Surv-GAN,0.9765257588878177
Surv-GAN,1.256299473048953
Surv-GAN,0.2457973073333475
Surv-GAN,0.15793389820484086
Surv-GAN,0.036182008505027445
Surv-GAN,0.28320125960461473
Surv-GAN,0.6075665326314812
Surv-GAN,0.7752342779181232
Surv-GAN,0.1669648189547726
Surv-GAN,0.32876820585646405
Surv-GAN,0.6296826435981049
Surv-GAN,0.10391804183902426
Surv-GAN,0.04978179128059012
Surv-GAN,0.2218645592091024
Surv-GAN,0.6040505484856887
Surv-GAN,0.13123358660035797
Surv-GAN,0.3614396472228729
Surv-GAN,0.12787799295548705
Surv-GAN,0.2537480285750479
Surv-GAN,0.024022883799334822
Surv-GAN,0.9813496147024722
Surv-GAN,0.9074566441494369
Surv-GAN,0.7897160282352623
Surv-GAN,0.5602157206509223
Surv-GAN,0.18143624588218463
Surv-GAN,0.7622599176744207
Surv-GAN,0.5461366886058892
Surv-GAN,0.24599762766417296
Surv-GAN,0.22933784905750224
Surv-GAN,0.97523544304537
Surv-GAN,0.307405520657963
Surv-GAN,0.09094395771687731
Surv-GAN,0.00728076469562017
Surv-GAN,0.8618990067750569
Surv-GAN,2.856925731707164
Surv-GAN,0.5686528031694736
Surv-GAN,1.4870055875060708
Surv-GAN,0.5885466286953254
Surv-GAN,0.10932349846021319
Surv-GAN,0.9720664155468449
Surv-GAN,0.2811019412827986
Surv-GAN,1.099075757850757
Surv-GAN,0.03265636526097448
Surv-GAN,0.6226501302638734
Surv-GAN,0.9537813251766343
Surv-GAN,1.0768355869166801
Surv-GAN,0.03920191823351138
Surv-GAN,0.006247879802078559
Surv-GAN,0.23294722391245978
Surv-GAN,0.33512519539396884
Surv-GAN,0.43806961366356184
Surv-GAN,0.029315181379940606
Surv-GAN,1.4876645072638324
Surv-GAN,0.02570572275200334
Surv-GAN,0.1047442042304717
Surv-GAN,0.10198963357638346
Surv-GAN,0.5737911091565878
Surv-GAN,1.1484731436251245
Surv-GAN,0.5147960174866874
Surv-GAN,1.8874147390862372
Surv-GAN,1.291319481166963
Surv-GAN,0.8491842414426657
Surv-GAN,0.27268888167685545
Surv-GAN,0.8642526371038851
Surv-GAN,0.6114103918341415
Surv-GAN,0.19336397410532175
Surv-GAN,1.6184464058133774
Surv-GAN,0.5464807154883553
Surv-GAN,0.1762327962164528
Surv-GAN,0.08944070386256275
Surv-GAN,0.13020618958478933
Surv-GAN,0.07163167940590603
Surv-GAN,1.171897748070556
Surv-GAN,0.35318392015447525
Surv-GAN,0.5087898061806153
Surv-GAN,0.4740615427189598
Surv-GAN,0.1397570400790367
Surv-GAN,0.28583757500016715
Surv-GAN,0.132291410567407
Surv-GAN,0.16487157469307456
Surv-GAN,0.2041006405649825
Surv-GAN,0.6033997646920473
Surv-GAN,0.8149105075338968
Surv-GAN,0.9275834946671039
Surv-GAN,0.7347535517632982
Surv-GAN,1.3224882210004125
Surv-GAN,0.8247154570474262
Surv-GAN,0.4089849139960738
Surv-GAN,0.275510100304936
Surv-GAN,1.9389355632539167
Surv-GAN,0.5925753227702774
Surv-GAN,0.2746211922993776
Surv-GAN,1.0050679042564863
Surv-GAN,0.13887375460336035
Surv-GAN,0.27591896714121644
Surv-GAN,1.0282626376727373
Surv-GAN,0.41121167381467233
Surv-GAN,1.5225922607570235
Surv-GAN,0.35271396777509273
Surv-GAN,0.8093043709848583
Surv-GAN,0.595467755039558
Surv-GAN,0.42340400369738596
Surv-GAN,0.716105418877877
Surv-GAN,0.35058105971974396
Surv-GAN,0.5147581352936637
Surv-GAN,0.15285056098830765
Surv-GAN,0.8716743584890893
Surv-GAN,0.3133065798814956
Surv-GAN,0.5713916983590898
Surv-GAN,0.9187114775934814
Surv-GAN,0.44827323833339394
Surv-GAN,0.11370430214069945
Surv-GAN,0.10962348543276994
Surv-GAN,0.28655916971604095
Surv-GAN,0.35315528224311954
Surv-GAN,0.12697830906469224
Surv-GAN,0.09101120683369517
Surv-GAN,0.9144205618778058
Surv-GAN,1.32092382273575
Surv-GAN,0.16970399270282463
Surv-GAN,1.0836302910576558
Surv-GAN,0.36670180605882596
Surv-GAN,0.4542262790611548
Surv-GAN,0.23649821866533688
Surv-GAN,0.19057826146896817
Surv-GAN,0.39613171869638647
Surv-GAN,0.19203293979368113
Surv-GAN,1.1444275295264434
Surv-GAN,0.33788987355945427
Surv-GAN,0.45437766433188
Surv-GAN,0.3234522339443759
Surv-GAN,0.7613177737635128
Surv-GAN,0.22150196694042587
Surv-GAN,0.17795635341569935
Surv-GAN,0.5309952367977604
Surv-GAN,0.44331829176566584
Surv-GAN,0.2821513711600458
Surv-GAN,1.03247478896644
Surv-GAN,0.2879026791931693
Surv-GAN,0.6049015879122424
Surv-GAN,0.18016568271376404
Surv-GAN,0.27394752028840696
Surv-GAN,0.13987087060054973
Surv-GAN,0.07775118213410703
Surv-GAN,0.10916662237182459
Surv-GAN,1.8139648301792064
Surv-GAN,0.3980293750516885
Surv-GAN,0.39652348478470223
Surv-GAN,0.006648154555232348
Surv-GAN,0.09764009208411205
Surv-GAN,0.20775916690039048
Surv-GAN,2.295617066172243
Surv-GAN,0.5209037018528132
Surv-GAN,0.3244247652207936
Surv-GAN,0.7590206164269215
Surv-GAN,0.6367966849298954
Surv-GAN,0.6752696464607302
Surv-GAN,0.12609411265860207
Surv-GAN,0.6780173284658475
Surv-GAN,1.1057460619227804
Surv-GAN,0.7695336410110225
Surv-GAN,0.6453090038767145
Surv-GAN,0.3285909198047814
Surv-GAN,0.18815547034232805
Surv-GAN,0.10433333335536783
Surv-GAN,0.6784119990951922
Surv-GAN,1.1591858955730299
Surv-GAN,1.7239857289373866
Surv-GAN,0.733963215442899
Surv-VAE,1.204537921389052
Surv-VAE,2.6089598688787023
Surv-VAE,1.1600953924031783
Surv-VAE,5.3884794848965845
Surv-VAE,0.8961959901956602
Surv-VAE,4.674204574527341
Surv-VAE,0.23249803675651468
Surv-VAE,3.168739525878074
Surv-VAE,0.6409141640214103
Surv-VAE,0.8550335309226443
Surv-VAE,0.49483171553452965
Surv-VAE,0.6919668493174612
Surv-VAE,3.258053588962772
Surv-VAE,1.1438604515854818
Surv-VAE,0.4604192376045287
Surv-VAE,2.505850270372376
Surv-VAE,0.914508642972137
Surv-VAE,2.3647592182838424
Surv-VAE,0.07720715283932923
Surv-VAE,0.9473804683912604
Surv-VAE,0.5832632370168517
Surv-VAE,2.1286669458424208
Surv-VAE,0.3781496619609714
Surv-VAE,3.681342775838113
Surv-VAE,2.5762957927192116
Surv-VAE,2.298058853246703
Surv-VAE,1.9489028615890052
Surv-VAE,1.3725685568584192
Surv-VAE,1.8892581807484423
Surv-VAE,0.659972270790675
Surv-VAE,1.0766782007472693
Surv-VAE,2.272314920131243
Surv-VAE,3.310753472314886
Surv-VAE,1.8453056365243852
Surv-VAE,0.15968134085261707
Surv-VAE,9.429979085757253
Surv-VAE,1.2484980687761578
Surv-VAE,2.8423894528736895
Surv-VAE,2.4285179029857544
Surv-VAE,2.091397294338564
Surv-VAE,0.5000383743584199
Surv-VAE,1.4175530268001812
Surv-VAE,2.055679848871074
Surv-VAE,3.890709270138262
Surv-VAE,3.016814871484768
Surv-VAE,1.409875987451135
Surv-VAE,1.7494584788054013
Surv-VAE,1.0842258729115444
Surv-VAE,2.232516986139746
Surv-VAE,3.6292818627443784
Surv-VAE,0.9069653772118315
Surv-VAE,0.594810221910844
Surv-VAE,1.089686427155327
Surv-VAE,0.6628707014813009
Surv-VAE,0.18291458930844426
Surv-VAE,2.383682694045992
Surv-VAE,2.108913505780005
Surv-VAE,5.205294416160124
Surv-VAE,4.6872298975685425
Surv-VAE,0.6539302696205701
Surv-VAE,3.468389420053713
Surv-VAE,0.07137600959449619
Surv-VAE,5.035927211628849
Surv-VAE,1.5517578518730017
Surv-VAE,2.1997212100332018
Surv-VAE,1.5470797892047925
Surv-VAE,0.7013806552534054
Surv-VAE,2.392895914724261
Surv-VAE,1.4999684239034263
Surv-VAE,2.55731976368228
Surv-VAE,0.8020429235242206
Surv-VAE,2.4649174562210607
Surv-VAE,0.8214109190787234
Surv-VAE,2.0548153253104147
Surv-VAE,0.9465405386891372
Surv-VAE,1.5519290126098353
Surv-VAE,1.734773331327376
Surv-VAE,1.6769845812368984
Surv-VAE,3.966683212694821
Surv-VAE,4.556326311771545
Surv-VAE,1.6687529807539863
Surv-VAE,1.3304672027268036
Surv-VAE,1.0315999351815743
Surv-VAE,0.44276202775888984
Surv-VAE,2.3509591356589676
Surv-VAE,4.162021090147206
Surv-VAE,1.7376296830828593
Surv-VAE,0.09960910222773788
Surv-VAE,5.052840243813649
Surv-VAE,1.5801241095051006
Surv-VAE,2.667504271673023
Surv-VAE,2.5156613380939272
Surv-VAE,1.1849475442041544
Surv-VAE,1.3587083753789504
Surv-VAE,1.0700728703923141
Surv-VAE,1.3748184462073405
Surv-VAE,1.514286206150704
Surv-VAE,1.6764050047852075
Surv-VAE,0.3186574950324321
Surv-VAE,0.5441072748190438
Surv-VAE,0.5237751515431213
Surv-VAE,2.2589153571296876
Surv-VAE,2.1256799301761578
Surv-VAE,0.5880584122498923
Surv-VAE,0.20580718842558823
Surv-VAE,0.3321569041147284
Surv-VAE,1.899729950737644
Surv-VAE,3.7900452096876918
Surv-VAE,0.36945525055561484
Surv-VAE,1.224210661353012
Surv-VAE,0.5313160575465966
Surv-VAE,1.8873887629760355
Surv-VAE,0.6460266481939494
Surv-VAE,0.814211158386954
Surv-VAE,2.903363065719966
Surv-VAE,1.3062293058759067
Surv-VAE,1.3713570481208976
Surv-VAE,2.4740715271029554
Surv-VAE,0.6323220061013095
Surv-VAE,2.7003295774139975
Surv-VAE,1.7271743554144814
Surv-VAE,2.7667263582056374
Surv-VAE,4.6262486578436155
Surv-VAE,1.197562116343806
Surv-VAE,0.9014620509408595
Surv-VAE,1.1035854058612165
Surv-VAE,1.639575231791174
Surv-VAE,1.1637691333171756
Surv-VAE,0.3680327789543689
Surv-VAE,3.421802919495639
Surv-VAE,3.821196914003979
Surv-VAE,1.8019162755987872
Surv-VAE,3.158475720503187
Surv-VAE,0.973021347970442
Surv-VAE,0.06626277058768845
Surv-VAE,3.6109414941222653
Surv-VAE,0.6983801971976664
Surv-VAE,1.6323605548008104
Surv-VAE,1.6802016689556534
Surv-VAE,0.4855669905948234
Surv-VAE,0.5082429115793451
Surv-VAE,0.45183922267032767
Surv-VAE,3.0135498864235424
Surv-VAE,1.6533513278201186
Surv-VAE,4.184482805283051
Surv-VAE,0.939382744841969
Surv-VAE,3.3345219038439784
Surv-VAE,4.518082252557996
Surv-VAE,4.394943579151154
Surv-VAE,3.419553747151642
Surv-VAE,4.61638734401895
Surv-VAE,2.8130408738104267
Surv-VAE,0.04059470526813426
Surv-VAE,5.0761772361726045
Surv-VAE,2.195398580101135
Surv-VAE,1.2979392836205048
Surv-VAE,2.402773144538277
Surv-VAE,2.888385965902596
Surv-VAE,1.0456013227627194
Surv-VAE,1.6015120635273148
Surv-VAE,3.865641937026403
Surv-VAE,3.191766175906978
Surv-VAE,2.6689929895638924
Surv-VAE,0.3837245884442171
Surv-VAE,0.3429898695066626
Surv-VAE,1.2909337923954045
Surv-VAE,2.4224621150141568
Surv-VAE,3.449659182381169
Surv-VAE,4.326902240301274
Surv-VAE,1.4578458634131208
Surv-VAE,0.12581907905004366
Surv-VAE,0.04688331112338227
Surv-VAE,2.0473677619850563
Surv-VAE,1.137377508254864
Surv-VAE,3.6057641123919093
Surv-VAE,2.520344977753417
Surv-VAE,2.0969588014925935
Surv-VAE,2.9207036000560618
Surv-VAE,2.691807013129929
Surv-VAE,2.6078659334643293
Surv-VAE,1.562135097039309
Surv-VAE,2.1035953063281645
Surv-VAE,0.8520724892539864
Surv-VAE,3.454810524939845
Surv-VAE,5.877114481262728
Surv-VAE,2.3208737854812824
Surv-VAE,3.379330028381679
Surv-VAE,0.9427808329476781
Surv-VAE,3.117411840580189
Surv-VAE,2.0266091886332793
Surv-VAE,0.27362522503457914
Surv-VAE,4.171245203948793
Surv-VAE,2.601457325296943
Surv-VAE,0.6456532169904428
Surv-VAE,2.893131518705985
Surv-VAE,2.8215879230270744
Surv-VAE,1.7865464860904938
Surv-VAE,4.416039993555755
Surv-VAE,5.457917786733694
Surv-VAE,0.9790089087636569
