-1.0581928624166352,-0.1554690697856892,-0.012403111097044112,-0.7016505554695881,-2.373270041644424,-1.0965609234035483,0.0,1.0,0.0,0.0,0.0,0.0,0.31641266036518456,1
-1.3689435624032555,-1.778636057247367,-2.213187296918203,-1.1221467715565407,-1.284116608632662,-2.051329304990052,0.0,0.0,0.0,1.0,0.0,0.0,0.18736018939247645,1
1.1280142478170592,-0.4387505503719834,0.00649980975460845,0.6449735045301228,-0.5961040368789031,-1.4229066786149576,0.0,0.0,0.0,0.0,0.0,1.0,1.89600022056206,1
0.08254584859190918,-0.5950637840351339,0.050561471261313856,1.6472127840378248,0.59850619021337,-0.0790068627864442,0.0,0.0,1.0,1.0,1.0,1.0,1.6447760229131847,1
-0.6721673318874205,-1.9720776980699033,-0.9973344984399203,-1.2502420257866065,-0.9615029974362693,-0.42276641490321915,1.0,0.0,1.0,0.0,1.0,1.0,2.851355122464254,1
0.9242774587358559,-0.45355242473134894,-0.8116463644889579,0.200521527139275,0.15077356237838457,0.4901383333463221,0.0,0.0,0.0,0.0,0.0,0.0,1.3731553189840962,0
0.7210797681954542,-0.5470802575590786,2.251079269454539,1.8103111877171292,0.07424241453035847,-0.7796566052044175,0.0,1.0,1.0,0.0,0.0,0.0,0.9685235242917436,0
0.5866258048120323,-0.21828973506867733,-2.063206070672943,-0.6902406969368843,-0.015420661488407544,0.24639397924279266,0.0,0.0,0.0,0.0,0.0,0.0,0.4294447669211937,1
0.602140289351285,-0.8390323398230214,-1.15518157675625,-1.0429590594840121,-1.0559441931206703,-0.6934828268127798,1.0,1.0,0.0,1.0,1.0,0.0,0.5456187352344668,1
0.6369184512665057,-1.270063424264564,-0.4995109527353969,-1.861311612575843,-0.729804628740934,-0.5889703222301634,0.0,0.0,0.0,1.0,1.0,1.0,2.932495489452114,1
-1.5040813994564328,-1.1587289978281097,-0.7656505929898435,-1.2165866074456813,-0.36683576629900116,-0.8061191539896861,0.0,0.0,0.0,1.0,1.0,1.0,0.4272319403521107,1
1.2116820649301039,1.5731885409670106,0.3327519088041658,-1.629464446885807,0.39967876230143956,0.6351408568221643,1.0,1.0,1.0,1.0,0.0,0.0,0.7702526816763977,1
1.0514774076194173,1.6752609971038999,1.6353544480708826,0.8499340033272033,0.4159652780031483,0.19641382896878956,1.0,1.0,1.0,1.0,0.0,1.0,1.485968107128115,1
-0.6810674755216866,-0.6490511695237123,0.7718340662841864,1.2261086751380947,-0.2610592141628888,-0.7611485939962108,0.0,0.0,0.0,1.0,0.0,1.0,0.12248900030010568,1
0.19701717851094822,1.2641985727119767,-0.1503612349326037,-0.13893590147660428,-1.9771286794918053,-0.07001058067262404,0.0,1.0,1.0,1.0,1.0,1.0,0.1363799264478795,1
-0.3068696160710294,-0.8460940873475977,-1.44701366796463,0.3185380819714103,-0.32407640410393673,0.1606499362330358,0.0,1.0,0.0,0.0,1.0,1.0,0.9023713163192438,1
-0.34432975587251186,-2.057429401780168,-0.07877194166185313,-1.267714404365798,-0.6608068027216509,0.32795337166575056,1.0,1.0,1.0,1.0,1.0,1.0,0.8309117909927529,0
0.5149053238240062,2.6506893090762147,1.685218899996024,1.7326771581766929,0.5133300394714633,0.47146677523719316,1.0,1.0,1.0,1.0,1.0,1.0,0.14742489569704922,1
-0.7888129282410035,-0.7914367126294132,-1.161095816888365,0.12998721916967268,0.5939904491300044,0.6128442993765385,1.0,0.0,0.0,0.0,0.0,0.0,1.1385823063447476,1
0.8563060925720395,0.055367386360266196,-0.40213604754899107,0.39628120715105464,0.13928856440856133,-0.0823029076394877,1.0,0.0,0.0,1.0,1.0,1.0,0.3308338006071458,1
-0.9042514046654553,1.2292853662109071,-0.5233419117332225,-2.287904098233122,-1.064196538546418,-0.10011515577407747,1.0,1.0,1.0,1.0,0.0,1.0,0.148226488486017,1
1.3130933712372843,0.9402576295559175,-1.282774843513969,-2.4428689236202863,-0.2015939231603929,-1.180585000081904,0.0,1.0,0.0,0.0,1.0,1.0,0.4156451554123726,1
0.06853748386451142,0.7707472881658828,0.4729245821422842,-0.3836735313030773,0.4600962099858449,1.2552118461222568,1.0,1.0,1.0,0.0,0.0,0.0,1.2486262842281488,1
1.3160694590162691,0.02118685325634349,-0.922671823729278,-0.5524955807080149,-0.6622770934332357,0.20701887613784276,1.0,1.0,1.0,1.0,1.0,1.0,2.000813507723013,0
1.2012898848333813,1.5626533709892527,1.6644399982948852,-0.5458475428236682,1.2607224396676044,0.6705437334379245,1.0,1.0,1.0,1.0,1.0,1.0,1.7444405408832462,0
-0.33511543558807627,1.1592062324685206,0.5821425657875053,-0.8026177864320558,0.00950838734052913,-0.049958558789753235,0.0,0.0,0.0,0.0,0.0,0.0,0.5684260686606366,1
0.30612252227917813,0.033687166541098885,-0.8569780385518789,-0.9688027328755211,-0.5235040451594251,-0.3163415298547523,1.0,1.0,1.0,1.0,0.0,1.0,1.0924469281179454,1
0.6064384614011347,0.8022353959702738,-0.04564098289428198,-0.08809055670154033,0.08820899651549041,1.6070205813751601,1.0,0.0,1.0,1.0,0.0,0.0,3.1794256907927303,1
-0.34366746558824207,0.1481998274910689,0.9512109685744229,1.8616888094958692,2.3701143275014616,0.5277954533854242,1.0,0.0,0.0,0.0,0.0,1.0,3.2808291798785323,1
0.709278273497703,0.2624902853219967,0.04431504029775536,0.18621966120583397,0.03461863373778317,2.407202980184857,1.0,1.0,1.0,1.0,1.0,1.0,0.952166950166317,1
0.18435259713085766,0.5895988871244923,-0.1604598746202445,-0.984507112541691,-1.7643846206709097,-0.8092271210817935,0.0,0.0,0.0,0.0,0.0,0.0,0.08930106789398352,1
0.4877267946884457,-0.6357899032980635,-0.3257802371484131,-0.32279773956583463,0.4441914064588964,-0.009407344821992729,1.0,1.0,0.0,0.0,1.0,1.0,1.362904931092517,1
1.0289849865718619,1.3266647839841987,0.5915011741578793,-0.9099435338859299,0.08057724192802784,2.1048057978822174,1.0,1.0,0.0,0.0,1.0,1.0,1.0199474948214835,1
0.1838440655957489,1.4135684523213101,1.856260782977111,1.0673696434558821,1.337837110384092,0.21924095965591409,0.0,1.0,0.0,0.0,1.0,1.0,1.0625736537583392,1
-0.07076383579480468,-0.8142815774527933,-1.1827589284972448,-0.756689296408905,-1.7355100884589483,-1.0008340162734677,0.0,0.0,0.0,0.0,0.0,0.0,0.5638255556228076,1
0.2777982185014766,0.18514803975249175,-0.7858810652282325,-0.8979788214764319,-0.16585212041297176,-0.11223475039723949,1.0,1.0,1.0,1.0,1.0,1.0,0.558466353360661,1
0.9151899163508304,-0.05568029247229864,-0.12020182899562579,-1.0515969871665296,1.9238696651517948,1.5672007692199132,1.0,1.0,1.0,1.0,1.0,1.0,3.381603108311956,1
-0.7711695606895059,0.8586318345782397,-0.007577673891877704,0.36519336493031157,-0.6988168939369227,-1.7354266593175303,0.0,0.0,1.0,0.0,1.0,0.0,0.3705507731659028,1
1.1716835049225143,0.4137506412132246,0.4746364295583982,0.48876000777342093,0.06719685192373025,0.3916125928212157,1.0,1.0,0.0,0.0,0.0,0.0,0.1496135172253908,1
0.3148106078544039,0.671582302758596,1.3516987078876133,1.2053601077024227,-0.2378600911303141,0.11669569111533554,1.0,1.0,1.0,1.0,0.0,0.0,2.4453053926091415,0
-1.0457027510057855,0.5978968441237633,-0.7243433933169297,-0.8219482741183262,0.058538155962400334,0.6857280536649402,0.0,1.0,1.0,1.0,0.0,0.0,0.12830516553251559,1
0.15646885538371855,1.093754003048011,2.005780236706153,1.6665938929402746,0.9695003454397011,0.7701617377880634,1.0,1.0,0.0,0.0,1.0,1.0,1.8904544915658825,1
-0.4834436646701049,0.28554982484513497,0.7265864052196133,0.7956526973484502,0.09106320375763324,-1.1109737282215857,0.0,0.0,0.0,0.0,1.0,1.0,1.0766028250436854,1
-0.7470262690920111,-0.5300849874498796,-0.025268627796772018,-0.08376184525488012,1.1317529543352116,0.41760573838071335,1.0,1.0,0.0,0.0,1.0,1.0,0.9789202073910861,1
-0.5028452999707146,-0.1571774979548119,-0.9411893113398659,-0.3033736611775736,-0.7984533939852791,-0.6083128421707403,0.0,1.0,1.0,1.0,1.0,1.0,0.7623713761651398,1
-1.8267792748641116,-1.126572084435105,-0.19036589298756457,0.3478004451037601,2.0220496053967603,0.809680774163049,1.0,1.0,1.0,1.0,1.0,1.0,0.4613388975994776,1
-1.2605889370862615,0.025192192645095587,-1.1074886824908448,-0.4472175428731443,-0.037509096675766844,0.44371754958084275,1.0,0.0,1.0,0.0,0.0,0.0,1.2772138472486405,1
0.2062986307691636,0.08066874482417118,0.531652120271844,0.765045417672946,-1.3081084805253531,-0.8323287132579523,0.0,0.0,1.0,1.0,0.0,0.0,2.520679245547981,1
0.013718432993874825,-0.20365508384724343,0.050196182009173154,-1.3708492989455685,-1.5427163328540592,-1.0869254017270145,1.0,1.0,0.0,1.0,0.0,0.0,0.23301169442560124,1
-1.564126135578691,-0.3977406994599891,-1.0006698181332194,-1.4925053259169818,-0.40248885383279254,1.5174499866195226,1.0,1.0,1.0,1.0,1.0,1.0,0.4701345830859595,1
0.428580579409928,0.8879213986410099,-0.17811450572225748,0.9371882033528424,0.44243209257223404,-0.6060809503831107,0.0,0.0,1.0,0.0,0.0,0.0,1.001676340129724,1
0.1283495921016705,-1.4026371435785239,0.2446250055732559,-0.643466807751527,-0.9659778496058459,0.043822611800922555,0.0,0.0,1.0,1.0,1.0,1.0,0.8742316852214206,1
-0.5238000411246776,-0.8786854185065118,-1.8486010713905112,-0.8384767094706765,-1.773057550986601,-1.3728780707665993,0.0,1.0,0.0,0.0,0.0,1.0,0.3551070445631175,1
-0.3584020617249003,0.5187711784835098,-0.04102080816036364,-0.8228536135959188,-0.2264286687967909,0.2312719508575412,1.0,1.0,1.0,1.0,1.0,1.0,0.9159077765456354,1
1.4808879850300583,-0.12549589252319612,-1.185658531028699,0.3520944616412844,0.6343866874899552,-0.14365677295046414,1.0,0.0,0.0,1.0,1.0,1.0,1.3927314324284663,0
-0.1700355058294614,-1.9481393426922289,-0.8517017543794434,1.0720566505018174,-0.07142202626754968,-0.41815160100716475,0.0,0.0,0.0,0.0,1.0,0.0,1.146500894587503,1
1.0833240712809165,-0.9732313982181928,-0.14246429847658368,0.5410144339351914,0.2650542974209529,0.3776573448893955,0.0,0.0,0.0,0.0,0.0,0.0,1.8838983131232743,1
0.5560687319247404,-0.7352191746022125,-0.7930671978031714,-0.9249328109777623,-0.6822989827001744,-0.2001764706004185,0.0,0.0,1.0,0.0,0.0,0.0,1.3940081107064926,1
-0.6845638516610936,-0.03263838407686827,-0.1872860347540038,-1.2285658038557856,-2.631878152497346,-1.6719401275214687,0.0,0.0,0.0,1.0,1.0,1.0,0.8216168203620899,1
-0.6678332277411098,-0.4747141890672527,-1.313729368234251,1.2736524705331824,1.8148710897393352,1.5438979970680775,1.0,1.0,0.0,1.0,1.0,1.0,0.45677890613933986,1
-0.20568698344273395,0.13264465373298867,-0.9024300756306647,-0.2420471510210041,0.619292149401539,0.4918843146485855,1.0,1.0,0.0,1.0,1.0,1.0,0.28849279135012507,1
3.07667825720745,0.8712703609645678,0.7286029035623408,0.4075455733469886,0.3410275138703347,-0.08133107495233435,1.0,0.0,0.0,0.0,0.0,0.0,0.7574846483723751,0
-1.4849756926929831,-0.5418324930751611,0.8080657361513159,0.2428282498246015,1.2019876999453392,2.3163551418896575,1.0,1.0,1.0,1.0,0.0,0.0,0.6972294568644034,0
0.2273440670365081,0.19986590934191725,-0.8650808145549197,-1.7629115180382915,-1.3807531442201255,-2.053340630768935,0.0,0.0,0.0,1.0,0.0,1.0,0.3985183414876998,1
0.01674399952816746,-1.135908164280008,-0.9143837281954971,-0.681641997143985,1.8427356448703114,1.2291908039456876,1.0,1.0,1.0,1.0,1.0,0.0,1.9507507628649745,1
1.7621181444738032,1.3241418393498119,0.4244603178078525,0.6290447876634279,-0.3890216681463827,0.1327846158228084,0.0,1.0,1.0,1.0,0.0,0.0,1.771367348022452,1
0.49594339682298627,-0.1454031750434596,-1.1863854777205505,-1.6973278405189205,-1.5043856848144181,0.9436378941744256,1.0,1.0,1.0,0.0,1.0,1.0,0.764480536293134,1
0.6579265666349483,-0.06685228001683384,-0.09308467107828322,-0.830499214257157,0.23734269346871412,0.3025702085881119,0.0,0.0,0.0,0.0,1.0,1.0,1.4215366214621459,1
1.9462987636569329,0.9571622196118769,1.9725865583064384,0.1849539559309997,-0.1813540528769179,-0.2032958184879134,0.0,0.0,0.0,0.0,0.0,0.0,1.9641061696232003,1
-1.0280805900222174,-1.4949799515797937,-1.5728354653244738,-1.5306544890554037,0.07963124090867733,-0.2767001052723488,0.0,1.0,1.0,0.0,0.0,0.0,0.24944351251376973,1
1.7447645689000582,0.9440858155911923,-0.8642651473984366,-0.07050679577990003,-1.5824148657595998,0.3108470346509789,1.0,0.0,1.0,0.0,1.0,1.0,1.0200150270904373,1
0.2275913969814113,1.4122908175127415,0.2914700263825517,-0.4924938946871832,-0.3623029546009503,-0.7854769226958921,0.0,1.0,0.0,1.0,0.0,0.0,0.4911855524456161,1
0.46335079067179713,-0.6205478055010343,-1.0689019860650775,-0.8800495909323705,-1.7291205640871112,-1.2372883618300163,0.0,0.0,0.0,0.0,0.0,0.0,1.202272330012947,1
-0.8831077837805742,0.05499236422675139,0.08376475280310688,-1.2244717902969648,-1.4288339587814682,0.5638703280974582,1.0,1.0,1.0,1.0,1.0,1.0,0.5646712403345823,1
0.5728614541435045,0.03470986472313322,-0.39771109466608295,0.38739992029409676,-0.7610933113023617,-2.0031401135566114,0.0,0.0,1.0,1.0,1.0,0.0,1.5827559416021237,1
-1.371708357095165,-1.2575778897408423,-0.6974228595170248,-2.4907439537113065,-0.490385837642504,-0.1301437092375021,1.0,1.0,0.0,1.0,0.0,0.0,0.3527229049471833,1
-1.8076262844003923,-1.1877691224530353,-0.03599533013317705,0.941231614803332,-0.3880581830249387,-1.8290495131062445,0.0,0.0,1.0,1.0,1.0,1.0,0.7936931004313481,1
-0.12069393704805402,-1.6941493721538818,-0.15203210335339476,0.6908073542259496,0.5451870513666482,-0.7268631580097038,0.0,0.0,0.0,1.0,1.0,1.0,1.8210789087880497,1
2.9564062589194107,0.7421769991272951,0.21537482029972246,0.6927575409422129,-0.16505504313120803,-0.8478732624011808,0.0,1.0,1.0,1.0,1.0,1.0,2.939453671770459,1
-2.475795421633011,-0.02655437688892157,-0.6034681286800655,0.7022447127816001,1.436693668020838,0.8580708711482381,1.0,0.0,0.0,1.0,1.0,1.0,0.1503931700036095,1
0.14316533622391328,-1.7199757095287793,-2.138395853076833,-1.5245698256871392,-0.8795414868470662,-1.3635254418235658,0.0,0.0,0.0,1.0,1.0,0.0,1.387113758461449,1
0.06331867619396588,0.9558264908251849,0.8330244929187193,-0.6181979693317494,-0.2095376419913298,0.8409732349498412,1.0,1.0,1.0,0.0,0.0,0.0,0.513507980210524,1
1.6676682814855535,0.6252635628991976,0.38328104123158047,-0.48570558140134024,-1.213189483493707,-0.2131062097320394,1.0,1.0,1.0,0.0,0.0,1.0,1.2422491951989652,1
0.3037080452756921,-0.34533193949559743,-2.4963724223013966,-1.0121393299320876,-0.7119566080041273,-0.5734991613262452,1.0,1.0,0.0,1.0,0.0,0.0,0.20649762680843003,1
-0.3329275534213035,0.13706836525152286,0.8138705291612004,0.9020036551815475,-0.19963097699468924,0.5976028387459288,1.0,0.0,1.0,0.0,1.0,1.0,2.3617332889660014,0
2.747368550596281,1.8653225375300544,-0.24534913106283815,-0.4258911101445949,-1.4968572501977875,-1.4544242314507676,0.0,0.0,0.0,1.0,1.0,1.0,1.2087564743299524,1
-0.026713763904625876,-0.4476928750824763,-0.45518938086468297,-0.08969790843308835,-0.5271114399636114,1.3748401467484792,1.0,0.0,1.0,1.0,1.0,0.0,1.7597491006882442,1
1.4601097015477096,-0.5038865611448694,1.4045676591175535,1.144029604768612,0.3575622911763869,0.35947440078211973,1.0,1.0,1.0,1.0,1.0,1.0,2.68628218087144,1
-0.7544702642054493,0.048317481853078,-0.6152945911419717,1.4860565909538446,0.3281751088240036,0.7396033957438584,0.0,0.0,1.0,1.0,0.0,0.0,0.43445678625255796,1
0.9231307805562028,0.2474441036414044,-0.031813603456037974,0.9145005551711745,-0.17926999686285683,0.014289419179817619,0.0,0.0,0.0,0.0,0.0,1.0,1.1116989455831772,1
0.9778416412322372,0.2606155447359798,-0.6033339959602936,-2.117024980365085,-0.348171373317061,-0.3038327763751527,0.0,0.0,1.0,1.0,1.0,1.0,0.6883398188409567,1
0.32373910124528393,0.8129396050280633,0.39761823209790415,0.1744203026792816,-1.2217891927747588,0.581508169060471,0.0,1.0,1.0,1.0,1.0,1.0,0.09241036655315454,1
-0.4640763979409756,-1.7136802128826798,0.11099443595344587,-0.4131240402115865,-1.042264356214125,-1.2267053722726782,1.0,1.0,1.0,1.0,0.0,0.0,1.0403839606487881,0
2.392307115159425,1.888594247426356,1.640404838452536,2.4086795640687653,0.09525942896992504,0.9549421745640281,1.0,1.0,1.0,1.0,1.0,1.0,4.083195295668879,0
0.7380096096373695,-0.4804428527897329,1.5441655532528211,-0.14243081681750808,0.6930379641467578,0.5505259812411354,1.0,1.0,1.0,1.0,1.0,1.0,2.1903902376596895,0
0.431134226376645,0.7428052327283422,0.9896666049715638,1.4386810648916863,0.7174472617624343,-0.012124230873616651,0.0,1.0,1.0,1.0,1.0,1.0,0.8185509577444099,1
-1.7096370898658741,-1.249118096682216,-1.2505494599336289,0.42122924854096877,0.37745410542005137,0.2631245929155676,1.0,1.0,1.0,0.0,0.0,0.0,0.4299540112954473,1
-1.2424748264044652,0.2738924134294722,0.6284247417966558,0.41260126695591676,-1.1461599543943704,-0.3887777680858426,0.0,0.0,1.0,1.0,0.0,0.0,1.0269938224899793,1
-0.34656828258081224,-1.1715472186932994,-1.1725303436346852,0.3413018988098768,0.4732432514370191,-0.349847177908273,1.0,1.0,1.0,0.0,1.0,1.0,1.6973340812576374,0
0.843064692933832,1.119860191916827,0.03872858672397587,-0.824270894481126,-0.6115440544487277,-1.6837350186616826,0.0,0.0,0.0,1.0,1.0,0.0,1.21445272693114,1
0.7722056285551732,0.07040910792864133,-0.5213872158920114,-1.894800881579135,-1.924195841531773,-1.1858800211416998,0.0,0.0,1.0,1.0,0.0,1.0,0.18684225501103685,1
0.05297381004617198,-0.649841827313033,-0.8887568037176089,-0.4995398886882466,-0.38973863488181476,0.7743196165429298,1.0,0.0,1.0,1.0,1.0,1.0,2.9596513688432937,1
0.28730316575088405,-0.32066691829757016,1.1733637846805651,1.2176913554461988,0.5993326369200616,-0.22793282132219442,0.0,0.0,0.0,0.0,0.0,0.0,1.7759283125002232,0
-0.30933281300026627,0.24796515300578684,0.011567452064758,-1.5478068380213585,-0.6463938604563609,-1.178688244260324,0.0,1.0,1.0,1.0,0.0,0.0,0.5067619210450531,1
-0.9546366650124265,0.6718683850787284,-0.03174517171931277,0.08027718415550703,0.2190705749196063,-0.4306487778947404,1.0,1.0,1.0,0.0,0.0,0.0,0.5756873833723497,1
0.4004408868514364,1.1304865493515202,1.849661387665852,0.16072373598224698,0.6494894026572053,1.1209470858773487,1.0,1.0,1.0,1.0,1.0,1.0,2.199117436808741,1
-0.37968497043719307,0.6171629069681235,-0.06117620515494141,-0.6952139262096612,0.7193804477971909,0.7980418840267532,1.0,0.0,0.0,0.0,0.0,0.0,1.5423156925890338,1
1.0559863142223596,0.4228104554964955,1.6089531303160693,0.8406374632802178,2.012244671234794,1.8083095627645265,1.0,1.0,1.0,1.0,1.0,1.0,2.1760343504760242,0
-0.42449979806400906,-0.840048028978947,-1.7887118339622008,-1.8120117802632851,-1.2961845915848802,-0.6349619347237124,0.0,0.0,0.0,0.0,0.0,0.0,0.4910135144794772,1
0.5685901351583016,-1.4139911737635642,-0.44164455603914116,-0.17305011527749634,0.22306499257195314,0.007230154867571654,1.0,1.0,1.0,1.0,1.0,1.0,1.5448204837266961,1
-0.4150105769517755,0.36264842145228926,-0.15258476518399908,0.6566089442019818,-1.1462583971403688,-1.0908781555510332,0.0,0.0,0.0,1.0,1.0,1.0,0.7722093485032753,1
0.420533455127792,0.26753377811953916,0.030883560025344897,-0.4169112800635282,0.34085015208385144,0.3545726233073933,1.0,1.0,1.0,1.0,1.0,1.0,0.7794510473325792,1
0.7610881764956633,0.18449870288141434,0.7683800072505167,-0.028609176124735836,-0.76782415936235,-0.1079459355215383,0.0,0.0,0.0,0.0,1.0,1.0,1.293938067338534,1
-1.6278687237850304,-1.7503843013105658,-0.4683545806359591,-0.09291688821088312,0.3451112046250766,-0.7988556647026116,0.0,1.0,1.0,0.0,1.0,0.0,0.08423073540493163,1
-1.0508682268313432,0.2966468263639376,-1.1285982678570565,-0.034598652153370914,-0.8650543998527807,-0.2381508691548041,0.0,1.0,1.0,1.0,1.0,1.0,0.7377531666658688,1
0.7856588643017107,0.1741567118261025,-0.39290187460041276,-1.145224658557727,-1.433492113126463,-0.4030735362962104,0.0,1.0,1.0,0.0,0.0,1.0,0.913718199028858,1
0.8183473980906103,-0.12543785825146586,-0.35301928358884677,0.3782741714837924,0.1377387450962126,1.147129742793729,1.0,0.0,0.0,0.0,1.0,1.0,1.5508837894407035,1
0.3810980147592773,-0.18489058909007772,0.37780409436093454,0.10405575063999703,0.4187362195280519,0.32036165807441125,0.0,1.0,0.0,0.0,1.0,0.0,0.03854505927444587,1
-0.7571034327702082,0.09503417827643298,0.9914980049371406,1.1496309196488514,1.8217146680269038,0.20232914051028617,1.0,1.0,1.0,0.0,0.0,0.0,1.888195594779635,1
0.3274374164484632,0.255474836958369,1.055574467152874,-0.16249838400807942,-0.05154005212669531,0.3386476422275243,1.0,0.0,0.0,0.0,0.0,0.0,0.916282357498705,1
-0.2326835672357262,0.2846166408178544,0.5786093170717346,-0.16871337278378454,-0.07333069637958847,-0.1282936299822712,0.0,0.0,1.0,0.0,0.0,0.0,0.10553594934877235,1
-1.304533905497886,-0.38380649974789643,-0.2250301431102802,-0.7026739249132972,-0.3020576122472398,-0.7622455110524983,1.0,1.0,1.0,1.0,0.0,0.0,0.5416828357866761,1
0.32284887780156524,0.6703843783887454,0.6172081019057759,-0.06488312684765227,0.4963160343042709,-0.734961727219198,0.0,1.0,1.0,0.0,0.0,1.0,0.848944867727181,0
-0.46656413789224704,-0.5344255680422655,-1.4189972409239293,0.013456349726958881,-0.0948324888575605,0.9205528768595234,0.0,1.0,0.0,0.0,0.0,1.0,0.5100308428003457,1
0.80299637256621,0.8069906598836266,-0.9172538827079054,0.8682180863748306,0.5815180968523377,-0.10367981714068007,0.0,0.0,0.0,0.0,0.0,1.0,0.593330761031745,1
-0.39870400503380193,-1.7632198325305692,-0.10659750648883956,0.5628836857706777,0.1155464182283816,-0.23757865697157565,1.0,1.0,1.0,1.0,1.0,1.0,4.299082097636433,0
0.6058031240349878,-0.4279482912383043,-0.3180501530770513,-0.837415421244342,-1.4685920114128987,-0.5051796041010864,0.0,0.0,0.0,0.0,0.0,1.0,1.6084032837935553,0
-0.1715088850238269,-0.4030553593467354,-1.8281941654971425,-1.7389747479210431,-2.1232754025212275,-0.3492576341181157,1.0,1.0,1.0,1.0,0.0,0.0,0.2508263300348987,1
1.7838043166890893,0.6072086189938455,-0.5129700054885218,-0.8609442293741951,-0.7829054951510854,0.6115820147841654,0.0,1.0,1.0,1.0,1.0,0.0,0.25202963986226484,1
0.9532385340710362,1.6672749650228158,-0.2730729192991895,0.39752711005321234,0.6282962464412484,1.3155795798136476,1.0,0.0,1.0,1.0,1.0,1.0,1.7556859381519319,1
0.44043381339334614,-0.6055556833241125,-1.4978713182452483,-2.443987259967685,-0.861362788041681,-0.729081259488017,1.0,1.0,1.0,1.0,1.0,0.0,2.0482240499042,1
-0.9318049126820197,-0.15263025046277306,-0.08632216374558994,-0.1255628495399686,0.24668240926529716,-0.18796641137014883,0.0,1.0,1.0,0.0,1.0,1.0,0.8034767014126717,1
0.4935622402362462,-0.4929645169208694,-0.37364302709306113,1.217280478071016,1.3532471440101175,0.07085546637809093,0.0,0.0,1.0,0.0,0.0,0.0,0.6044990248642821,0
1.292907155504084,0.12895090210138285,1.0580705971532243,-1.765100488002017,-0.9322638706418774,-1.6489231013663654,0.0,0.0,0.0,0.0,0.0,1.0,3.417894392538153,1
0.21688626857376786,1.7047426257201217,0.7499176617007076,-0.2878333110905267,0.6199473012691343,-0.3495556701722533,1.0,1.0,1.0,1.0,0.0,1.0,2.2697449828983816,1
-0.6783854046848312,-0.0703140710494656,-0.46392193678055055,-0.39648659235404926,-1.1440060387613011,-0.11873123174045992,0.0,1.0,1.0,1.0,1.0,1.0,0.5040524441441196,1
-0.3795689126593021,-0.9399304088932126,-0.7958406203723214,-0.18714840939218969,2.2156213917422263,1.6533018274420959,1.0,0.0,0.0,0.0,0.0,0.0,0.8127833904379067,1
0.8992233244711414,0.8372053398726589,-0.2857285894687149,1.9454190060466485,0.8891904483438218,1.7952333710587352,1.0,0.0,0.0,0.0,1.0,1.0,1.1729415630044968,1
1.0164960772454992,-0.8342320118326786,-0.9745013191483971,0.46020200194062266,0.19446564533589572,1.306513633999617,0.0,0.0,1.0,1.0,1.0,1.0,0.754406182728495,0
0.42166689014898806,0.2930149360883331,1.2438523382734614,0.07341313394432276,-0.02989293427225217,1.0622648493865,1.0,1.0,0.0,0.0,1.0,1.0,1.2823764272335532,1
-1.4316506228870667,0.27116323929817093,-0.444727322575904,-0.724879290625037,-1.4697685827200178,-0.770213184854704,0.0,0.0,1.0,1.0,1.0,0.0,0.5746107107575531,1
0.2518855763305035,0.3798069578187835,2.8826370867313753,1.542852345170214,1.4050580073255228,1.5114866274241205,1.0,1.0,1.0,1.0,1.0,0.0,1.9866646434369994,0
0.7540946348709867,0.4516987268798779,2.6208351528075493,2.2114225545417647,0.8658086831121182,1.1101443366135635,1.0,1.0,1.0,0.0,0.0,0.0,3.7790260355430116,0
-0.9636942963770504,-1.3303320564359904,-0.7064591942273909,0.5440638031662349,-0.9270794748685189,-0.5091044795257745,1.0,1.0,0.0,0.0,0.0,1.0,0.6366464322384513,1
-0.6708118298801495,-0.5083140606942607,-0.2545454413762565,0.8323139175833377,1.1751777275381554,2.5117781736704448,1.0,1.0,1.0,0.0,0.0,0.0,0.2593148712635366,1
-0.3306413747822698,-1.6578921871390755,-0.8604054095348875,0.9552874123872294,-0.7401653912650638,0.36226368923231655,0.0,0.0,0.0,0.0,0.0,1.0,0.5104534027349472,0
-1.0924007650037988,-0.03634662020450995,0.31490465621188246,-0.8050800953084889,-2.4193938411967073,-2.641138312572968,0.0,1.0,0.0,0.0,0.0,0.0,0.2403869446055782,1
1.7983645525717977,0.9907648414218251,0.9456510727590423,0.3205801574269293,1.2429040345458418,-0.4598341693405337,0.0,0.0,0.0,0.0,0.0,0.0,1.5223023863655853,1
-1.0099531664428822,0.2307905084350961,0.5546078880138754,0.14846564469896034,-1.1223315249434451,-0.3815655505611453,1.0,0.0,0.0,0.0,1.0,1.0,1.4034423991454692,1
-0.31311016199449826,0.09261306811865899,0.030976290376673772,-0.033124570718290954,-1.0397899404161906,-1.792503001621723,0.0,1.0,1.0,0.0,0.0,1.0,0.33857188843959446,1
0.20633750496388964,0.635038075183535,0.13819122436391873,-1.174284950781766,0.37734160040582865,1.2591777708080079,0.0,1.0,1.0,0.0,0.0,1.0,0.5893797362958445,1
0.6050348428646687,1.551584715823586,1.3618914527877666,0.02103900519065979,0.011148057043923465,2.188425952783248,1.0,1.0,1.0,1.0,1.0,0.0,0.8701587810570633,1
-0.5120407182861421,-0.07957283838756683,-0.841956265741043,-0.0031191611012846656,1.2167599235068622,-0.13488488797361567,1.0,1.0,1.0,1.0,1.0,1.0,0.6035904679956148,0
0.8586629511565358,-0.2156890339318364,-1.6339838417645711,-0.3095132349961213,0.0924137101394251,0.59191663037096,0.0,0.0,0.0,1.0,0.0,1.0,0.8103234211106568,1
-0.6069433893840145,0.28107702806981355,1.002668533652652,0.22442309015789286,0.5128173150805235,0.8306565008042265,0.0,0.0,1.0,1.0,1.0,1.0,1.1886307573451915,1
-0.8685244067800187,1.6129218344977616,0.48790526322319555,1.0956308843345781,-0.19050724436752678,0.03664837396741183,1.0,0.0,1.0,1.0,1.0,1.0,1.7416512425921533,0
-0.32040471420711675,-0.5905796373943986,0.4574579398421406,0.2712202452772077,0.14475731524011015,-1.0834695972384727,0.0,0.0,0.0,0.0,1.0,1.0,0.6038619018365454,1
-0.6677505164020097,-0.9052751675956068,0.14521287361907087,0.5670652143562418,0.6076951536271871,0.4626253135919122,1.0,1.0,0.0,1.0,1.0,1.0,1.1163205663805063,1
-1.327067276803664,-0.5182274506414917,0.9763117123203141,0.7766302422105494,0.2786982351076725,-0.41826917224795934,1.0,0.0,0.0,1.0,0.0,0.0,1.4679803037258354,1
-0.53614287531238,-0.7277972523561653,-0.6521189253839039,0.40023011184883656,-0.1698896164539603,-1.7392938127450306,0.0,0.0,0.0,0.0,0.0,1.0,0.37274567374532247,1
1.2570823024750934,0.500055984743466,0.15352155159142508,0.8549439238722741,1.6797239638055999,0.7444870754418041,1.0,1.0,1.0,1.0,0.0,0.0,0.6970179136395178,1
0.6170824038015027,0.8675096081138185,-0.05059335270328325,0.7129452611418048,2.0113089104634296,-0.7209361876449463,0.0,0.0,0.0,1.0,1.0,1.0,0.637608678522652,1
1.748677490431536,0.14708525324233324,1.661228299799693,-0.14961423438373628,-1.595321090799739,-0.9021779479005023,1.0,1.0,1.0,1.0,1.0,0.0,0.8945604738270687,0
0.026006452202581166,-0.15562800591358433,0.04646504748338886,0.22689453786192604,-1.3435732501394855,0.5002070693799205,0.0,0.0,0.0,0.0,0.0,1.0,0.9288312133845287,1
-1.9969847586872762,-0.9512175779254306,1.0814194763269729,1.8890349546754024,1.2257449744239037,0.7421196388477744,1.0,1.0,1.0,1.0,1.0,0.0,2.2918881542176766,0
1.5044904453793568,-0.22652562129904127,-0.5401582933793801,-0.36917833408844936,0.05589683394989518,-0.3366107302207355,0.0,1.0,1.0,1.0,1.0,1.0,2.30006385353826,1
-0.8032838775814494,-0.3516963404241908,1.22753729242877,0.13506093697951962,-1.1005707585654345,-1.2373688042314586,1.0,0.0,1.0,1.0,1.0,1.0,2.431842786147269,1
1.5032176049086183,-0.4345636082278912,-0.07844017695391836,0.07505157383092032,0.358780795565334,-1.5552165098698103,0.0,1.0,1.0,1.0,1.0,1.0,3.401238781602973,1
0.15944208212766142,1.4656383557068042,-1.174406406766985,0.12295397200569912,0.6370080412117463,0.8685696948561328,1.0,1.0,0.0,0.0,1.0,1.0,0.20435593507558228,1
-0.0751446506847959,-0.0586628569968054,-0.77829917210983,0.5183484107955761,-0.5486747582682792,-0.4391726714398573,0.0,1.0,1.0,1.0,1.0,1.0,0.930139947085087,1
-0.9260216372786135,-0.377705462928401,0.5642268197285681,-0.39192741903442957,-0.7983183105745355,-1.6394649091134648,0.0,0.0,0.0,1.0,0.0,0.0,0.4992755524201999,1
-0.43302531983055065,0.20095861009379004,0.30771400703052976,1.236369802714911,0.3566759357628924,-0.19771684044260612,0.0,0.0,0.0,0.0,0.0,0.0,1.12196241980602,1
-0.8038540962596331,0.17902334426725927,1.0727179002739176,0.20792981120547718,-1.1141937848162244,-0.21904179797191642,1.0,1.0,1.0,0.0,0.0,1.0,2.2520832481478155,0
-0.7629064478314982,-0.7576128929019779,-0.3926992453877838,-0.11902757700589443,-0.209240094220332,-0.20501367343226035,0.0,0.0,0.0,0.0,0.0,0.0,1.1876251384822374,1
0.3465401899657153,0.8609953840394825,0.41126900116263104,-0.0042392710260422154,0.3462543332759465,3.5674269358668718,1.0,1.0,1.0,1.0,1.0,0.0,1.0430835364061228,1
0.46726056858644893,0.5042264999805582,-0.3202090443850194,1.6140506739948324,0.8476388061885817,-0.10369207703623282,1.0,1.0,1.0,1.0,0.0,0.0,1.2294142339860157,1
-1.0494612257511184,-0.7201573679118002,-0.22459891537786222,-1.6711841060342205,-0.06056318409420686,0.4536654700806199,1.0,1.0,1.0,0.0,0.0,1.0,1.6147839810238571,1
1.65570695616596,0.8198912380487043,0.4110927436033102,-0.4581616920395869,0.727447842525297,0.33437515497607995,1.0,0.0,1.0,1.0,1.0,1.0,3.2005527897366544,0
-0.07678476371217743,-0.5571278593935665,-0.8741635650900873,-0.3847953687820954,-0.944508521367548,-1.0370280393296198,0.0,1.0,0.0,0.0,0.0,0.0,0.31911886714868204,1
0.16126611553423117,-0.3155077827699782,-0.09105980311892609,-2.0884338588757867,-1.7382919478645802,-0.011485033837634759,0.0,0.0,0.0,0.0,1.0,0.0,1.1701206605681347,1
-1.151789339745286,0.02944800803240258,1.3336810904750438,0.6209250278943339,1.889846593439637,-0.7140098485761549,1.0,1.0,1.0,0.0,0.0,1.0,0.7199931259521318,1
0.16429915247315477,-0.28949995907366455,0.043530438221314936,-0.1546719754008294,1.5501145800283886,-1.0474997975154534,0.0,0.0,0.0,0.0,0.0,0.0,0.8813252737427959,1
-1.1226725345581243,0.6048488336631895,0.5299437962138643,-0.46735152145516984,-0.5531609574335113,-0.028070255554344684,0.0,0.0,1.0,1.0,1.0,1.0,0.9396637999785835,1
-1.40475587410502,-1.167960386853355,-0.7487496862703583,-0.7870977991280673,-2.1022100695979598,0.18246658461729295,0.0,1.0,0.0,0.0,0.0,0.0,0.5344284288067627,1
0.09308576856076492,-2.4490285783376633,0.2663991046537302,1.0113895140399178,-0.14811309800902883,-1.1533451285047935,0.0,1.0,0.0,1.0,1.0,1.0,1.213703996472002,1
-0.7004528578909198,-0.10319612744449752,0.24903078367665843,1.494817827541098,0.7575623320030012,0.19077958691458932,1.0,1.0,1.0,1.0,1.0,1.0,1.6439448400939567,1
0.5169339783167662,1.1007445653662056,1.1282575460771582,0.12781995274625532,-0.32304237731680735,-0.6227304044181386,0.0,0.0,0.0,1.0,0.0,0.0,2.0937104744002393,0
0.3662905295398058,0.013541115571102547,-0.8910211348988488,0.06159616823443252,-1.2605333911219712,-1.360918405975609,1.0,0.0,0.0,0.0,0.0,0.0,1.0969509170085827,1
-0.4260277188050115,-0.2632237515855986,-1.3580369153190157,-0.475753385716263,0.21305029612429932,-0.5157943727552278,1.0,1.0,1.0,0.0,1.0,1.0,0.6661952673235717,1
-0.43744010853270743,-0.10882984118465738,-0.8278140568788381,-0.5289974834440342,-0.06684371446777553,0.8154458288732578,1.0,0.0,0.0,0.0,0.0,1.0,0.8910600265154616,1
-0.8942279769748203,-1.6264816340927064,-0.04975713878670347,0.10374213706568321,-0.9765101966118521,-0.5941964030915531,1.0,1.0,1.0,1.0,1.0,0.0,0.8855908436921086,1
0.694298729134821,1.116928286706775,-0.08690867158063986,1.817566327494274,-0.4418642139788897,-1.2948362786650804,0.0,0.0,0.0,0.0,0.0,1.0,0.3543886570363274,1
-0.06046999785066181,-1.49618519160002,-0.2528045341731915,-0.7355683698988886,-0.1503248278812731,0.08962988620853529,0.0,0.0,0.0,0.0,0.0,0.0,1.4280905906875803,1
1.5246893950225013,1.244059514903066,1.011952080690095,1.1659707057640336,1.9950259731754525,1.9693354435931272,1.0,1.0,0.0,0.0,0.0,1.0,4.028822977104778,1
-1.0092436592295027,0.028243619803904548,0.8884823953817442,0.4647742070377225,0.8889958684530856,0.1803899983502025,1.0,1.0,0.0,0.0,1.0,1.0,0.7121829442312692,1
-1.226668456550597,-1.4559135206369145,-2.1901064940225914,-0.9869676509709213,-0.44420799476716677,-0.7779552716385902,0.0,0.0,1.0,0.0,0.0,1.0,0.3578046987816311,1
-1.3471152793434475,-1.1186329175503111,-0.18952242748537995,0.4218713350577274,-0.7145809071359095,-0.7074594916071955,0.0,0.0,1.0,1.0,0.0,1.0,0.3727008039539205,1
0.4655804071204613,0.1002669367979758,1.739702513978357,1.1617999763652809,0.39036265179881385,0.16295860059449463,1.0,1.0,1.0,1.0,1.0,1.0,3.871911379207257,1
2.8595704708787837,3.2359751013904496,2.6265240521939455,0.2627819028885815,-0.09002158071151224,-0.659702770020643,0.0,0.0,0.0,0.0,0.0,0.0,0.3129898935567057,1
1.4104605731879705,0.41898458996340676,1.3875029989856762,0.6647912700578451,0.2371778483547908,-1.0291761839617468,0.0,0.0,0.0,0.0,0.0,1.0,3.742243766942042,0
-0.6201554324384092,-0.22822429398476346,0.3102916777732379,0.29494551021217,-0.9774057707813689,1.5312485227585948,1.0,1.0,1.0,1.0,0.0,0.0,1.4427831703818181,1
-2.663803927365759,-0.7678381117879274,1.4263731060161546,0.35161009245016295,0.3397381089183652,1.710691421040808,1.0,1.0,1.0,1.0,1.0,0.0,0.6772290529111669,1
-1.5586096127635294,-1.044966689462277,-0.26498658706242717,-0.23719560228699754,-0.41001520785802403,-0.46888957880289095,0.0,1.0,1.0,0.0,0.0,1.0,0.5495036987552324,1
0.7868936195863722,-0.6231010780387488,-1.1850967931316636,-1.771801590987651,-0.18843924218082359,0.4602159136655367,1.0,0.0,1.0,1.0,1.0,1.0,2.056714181851532,1
0.9085923235883662,0.37790163585409164,0.5588616597909137,1.533644279242513,0.8428212099402256,1.2214212641550763,1.0,0.0,1.0,0.0,0.0,0.0,2.1905789010124166,0
2.0492591056928493,0.9617114693930076,-0.9323619306880364,-0.9957506166690611,-1.4044008223300317,0.3753737564670935,0.0,0.0,0.0,1.0,1.0,1.0,0.32345072899739197,1
-1.08674924841272,0.2491108535452854,1.2863443858518162,-0.04672597686731494,-0.059764448524913596,0.7643985356698924,1.0,0.0,0.0,0.0,0.0,1.0,0.7691146545570767,1
1.9592325996742102,0.08454772793423551,-0.14500953010477385,-0.3138950423129832,0.984264724380412,0.4175466342915562,0.0,0.0,1.0,1.0,1.0,1.0,3.330039688177339,0
0.2735227668879193,1.0714937765497052,1.1811646808106988,1.5099328349287986,0.1707789069347624,1.0720533343884893,1.0,0.0,0.0,1.0,1.0,0.0,1.8896043956509603,0
-0.30724563202856764,0.7939609113514227,0.1853841509313624,0.1561618681918704,1.4764983565710401,0.8066457225298549,0.0,0.0,0.0,0.0,1.0,1.0,0.6485901228248105,1
-1.1441529919532631,0.011116365235591645,-0.4461811566967988,-0.41094031253011687,-0.3703925139772646,-0.2129078540362638,1.0,1.0,1.0,1.0,1.0,1.0,0.37837591466255666,1
-1.112056389654486,0.9455667158299664,0.10323328710550023,2.0717548934381194,1.79155904068637,1.2244647193979432,1.0,0.0,0.0,0.0,0.0,0.0,0.4344803816701671,1
2.127490706407055,1.7273734397505673,2.358672801843117,1.0805976460561368,0.3737334224886134,1.2094849098961684,1.0,1.0,1.0,1.0,0.0,1.0,1.304617926033024,0
0.19485980349619542,1.1389028555485061,0.3709987558181427,1.0989317161875378,0.4319970540542763,-1.5702960040032767,0.0,1.0,1.0,0.0,0.0,1.0,0.48183621400204646,1
0.2510088857601927,0.0720627979629652,0.276828677859243,1.6201185929764328,0.45611922128625815,0.1439931161074979,1.0,0.0,0.0,0.0,0.0,1.0,0.8055777245938427,0
-0.26929256964860027,-0.3593930571347122,0.47209642065753205,1.1032343986055626,1.6024147226124497,0.5923946191454666,0.0,0.0,0.0,0.0,1.0,0.0,1.3859000923924385,1
-1.0647815129362277,0.4920793116598745,-0.2034967827556027,-0.7476044981684218,-0.2606134126977432,-0.10905657286087267,1.0,0.0,0.0,1.0,1.0,0.0,0.6189966211152822,1
-0.6200379428820015,-1.2855048091928216,-0.2980098359960126,-0.689327475208626,0.7414391112033543,-0.12319481153995321,1.0,0.0,0.0,1.0,0.0,1.0,1.5354391956248825,1
0.9434720738719153,0.17776312345531736,-0.2804136616484574,0.1976194740217043,0.29383278813614205,-1.4919149417475455,1.0,1.0,1.0,1.0,1.0,1.0,0.38967923561296114,1
-0.1713072206961005,-0.19810064537455613,-1.771386385842227,-2.058908005170968,-0.404861505476238,0.39973526961504025,1.0,1.0,1.0,1.0,1.0,1.0,1.04668699520079,1
-0.31720722669240936,-1.1769499669688979,-1.363739549611015,-0.3613614855345595,1.1312836674773965,0.5858779493086704,1.0,1.0,1.0,1.0,1.0,1.0,1.8946188661297865,1
0.5694989802943264,-0.02817170998200541,-0.0973172937242657,-0.1798622853957731,-0.09044906245112865,0.031103286057110578,0.0,0.0,0.0,0.0,0.0,1.0,1.4120539525436429,1
1.035453148758214,1.2218993718051259,1.5866242187228543,1.5691343771874497,0.5463313516569138,-0.30103680610450084,0.0,1.0,0.0,0.0,0.0,1.0,0.690992674552163,1
2.5311024976669962,1.1254102719335146,1.990342037084668,1.791731211791425,0.3094464287799774,-0.4353150297709738,0.0,0.0,1.0,0.0,0.0,1.0,0.2416213084405534,1
1.454929061236501,1.657405100379835,0.20537987089185156,0.46482489334848115,-0.05326142818339596,-0.4239459597944982,0.0,1.0,1.0,1.0,1.0,1.0,0.8309872773560327,1
1.6351195848982376,0.026708279928384204,0.7119231377353642,0.35785283747168456,0.9295915153698331,0.6208820611086695,0.0,0.0,0.0,1.0,1.0,1.0,1.959291358749789,0
-0.3738658780226703,-0.8510971261539975,-0.886542173737812,-1.0358585446437965,-0.21135364418135952,-0.14173819412086464,1.0,1.0,1.0,0.0,0.0,0.0,0.5057841071604144,1
-1.9677805024793702,-0.09437211930770516,1.3509240454495715,1.2329521282391753,0.8093057385972239,-0.3707326317735554,0.0,1.0,1.0,0.0,0.0,0.0,0.4843211980830868,1
1.4745072177152412,-0.20771839744367712,-1.4785581626442126,-0.6898008981532137,-1.1317729373376146,0.07718300660404141,0.0,0.0,0.0,1.0,0.0,0.0,1.30617909111625,1
0.6975188383532204,-0.20153533808702184,0.1512635844290098,-0.879179551747196,-1.1475506380226919,-0.8941510262426964,0.0,1.0,0.0,1.0,0.0,0.0,0.34390480252522393,1
-0.3668825897309405,-1.2720005043238016,1.4360340374278773,0.823094037098807,1.1827509363039503,1.3837990934226176,1.0,0.0,0.0,0.0,0.0,0.0,0.8644766080864106,1
0.9650569550471224,1.7127946356900015,-0.3130695471462845,-0.19167671326869345,0.7656731471777801,-0.538519390630309,1.0,1.0,0.0,0.0,0.0,0.0,0.28425605121775566,1
0.895799595703523,-1.492591469167907,-1.9799387320130943,-0.35117598769052005,-0.4710218455373182,-0.5064040751239416,0.0,0.0,0.0,0.0,0.0,0.0,0.33564684879087736,1
-1.1517842246165928,-0.795513474395888,-0.4573356037389767,0.8522914404083723,0.4642539016781238,1.4669622866637861,1.0,1.0,0.0,0.0,1.0,1.0,0.7000616459417534,0
-1.323433369261967,-1.1307297666351024,0.8183789841606468,0.8927948875785658,0.5636115288103276,0.9259478917598154,1.0,1.0,1.0,1.0,1.0,1.0,1.0812786345840875,0
-1.9976438129286038,-2.2777198779609265,-1.1999042388592513,-0.07284905601084349,0.12377598442793167,0.7189244695408812,1.0,1.0,1.0,0.0,0.0,0.0,0.6755162081389798,1
-1.6532551193098082,-1.2376330019506945,-0.6327712676508063,-1.0645949192497455,0.04108533156859179,-0.737590633006974,1.0,1.0,1.0,1.0,1.0,1.0,0.6609382236981772,1
-0.08481792578306578,1.4740440733725726,0.7897971709827927,-1.4597942305864502,-0.9744245537149263,0.4884870686277341,0.0,0.0,1.0,1.0,1.0,1.0,0.7341865405562024,1
-1.453105252617682,-1.5412042250525542,-1.030827710257898,-1.1881934190158303,-1.2429941259547204,-1.1944058463455958,0.0,0.0,1.0,0.0,0.0,1.0,0.11716065734214494,1
-1.3087325992682028,-1.6399323845914793,-1.1999387668082164,0.17734780521729837,1.6700017090192039,0.5945855044881552,1.0,1.0,0.0,0.0,1.0,1.0,0.8171037939876373,1
-1.4843732541332442,0.6703647156450802,1.0559893757219996,1.0255380457557675,0.9195387625609172,-1.4000879257825627,0.0,1.0,1.0,1.0,1.0,0.0,0.3801154963742428,1
0.31020619979845754,-0.020171764953830124,0.5493768109460212,0.39051898509996574,-0.45637551020867795,-0.8301472379382696,0.0,0.0,0.0,0.0,0.0,0.0,1.393328448224091,0
-1.0130340860589728,0.34580699229177564,-0.8723035439204834,0.4860782997786514,0.8850320167151088,-0.7367535715034899,0.0,1.0,0.0,0.0,0.0,0.0,0.18397415869497355,1
0.7962282889837989,0.2134511700516703,0.05383891093713567,0.8262759684951689,1.6944542989526055,0.821702262926265,1.0,1.0,0.0,0.0,0.0,0.0,0.9631713517040082,1
0.85798992666158,-1.3141185990235111,-1.0035950331883565,-0.23868929548604328,-0.7937080946483874,-0.44443885033809816,0.0,0.0,1.0,0.0,1.0,1.0,1.8935147626860491,1
-1.3439306972363156,-1.318564232540513,-2.33088085289596,-0.659670009721653,-0.17573998658458814,0.027650918225248858,0.0,0.0,0.0,1.0,0.0,0.0,0.5268913686440727,1
-1.4782306811085848,-0.48410635525925955,-0.7288020848235514,0.39564219032140857,0.3697508507052444,-0.8260505184881386,0.0,1.0,1.0,1.0,0.0,1.0,0.29144941483032394,1
-0.2221609017327767,-2.180013236886895,-0.9981387054233344,-0.040294498388950904,1.3791389906476805,0.8222473739950023,1.0,0.0,0.0,1.0,0.0,0.0,0.3671678164634933,1
-0.5712094377918993,-0.3146084111307538,1.6017984934517027,0.21933838579446185,-0.2501446431031443,1.3242653993458673,1.0,0.0,0.0,0.0,1.0,1.0,1.0890925235139337,1
0.28458161708957064,1.3882023399125036,0.810586054821065,1.706551290586847,0.4290083072073699,1.1645160961259697,0.0,0.0,0.0,0.0,0.0,1.0,0.3656935968572073,1
1.3151804950810102,1.790962522692138,0.42939548935570004,0.039564949465961854,-1.81487980759855,-2.8936434318004083,0.0,0.0,1.0,0.0,1.0,0.0,2.027826633595479,1
-0.8166923619918892,1.6089994485046994,0.3406336924827358,0.11414727276326024,0.698660645296917,0.4506294499365923,1.0,1.0,1.0,0.0,0.0,0.0,0.12873231976512567,1
1.3412385570036507,-0.7881592920198757,-1.6404427306882485,0.22918578358551467,-0.7259974784649289,-1.199399670813532,0.0,1.0,1.0,1.0,1.0,0.0,0.9570598077425924,1
-1.1827237941679432,-1.1321563579543972,-1.0737830342107884,-0.64906538347855,1.4472905044974023,1.365216940080526,1.0,1.0,0.0,0.0,1.0,0.0,0.8261158884853248,1
0.3292134808699748,0.4859748187074635,0.05096589854294904,-0.018861764673459108,1.001947933135211,-0.3475596686800649,0.0,1.0,1.0,0.0,1.0,1.0,1.076334403877179,1
-1.7112361823365598,-2.185547728818449,-1.6044110761510408,0.33439850829289525,1.6944941647111094,-0.9050043087612598,0.0,0.0,1.0,1.0,1.0,1.0,0.7735600231740243,1
-1.111239536282779,-0.5645409772932686,-0.0643104567127852,0.7361520865182131,0.7257174202033966,0.3264058464303834,0.0,0.0,0.0,0.0,0.0,1.0,0.7530439208907229,1
1.747308028110022,1.647265175401758,1.9528841036712532,2.444505276841249,0.60268602186801,-1.0133275148702803,0.0,0.0,0.0,0.0,1.0,1.0,0.5031795663572486,1
-1.363758214928312,-1.5567962821828163,-1.3250575942370153,-1.2603282781823166,-0.692188288497294,0.20003361885593313,0.0,0.0,1.0,1.0,0.0,0.0,0.29248435582854376,1
-0.5043227152663445,1.546577658329454,2.1386163134478733,0.9313225453179466,1.4564661050837202,0.7353123062240667,1.0,1.0,1.0,0.0,1.0,1.0,0.7300302012069086,0
-0.8460163740543205,-0.879559830434285,-1.256607790991297,-0.6434862756242182,1.0533803832485027,2.7147853647053815,1.0,1.0,0.0,1.0,1.0,1.0,0.5611339429258928,1
0.2772664347476828,0.36391707679573054,0.8980501239651941,0.46792963468855703,0.5247564409858427,1.1045908757796736,1.0,1.0,1.0,1.0,1.0,0.0,1.220820549445147,1
1.6089087245772622,1.2797337179104908,3.6111543527189784,0.8373655123304254,1.1875061047791962,0.8981832681607569,1.0,1.0,1.0,1.0,1.0,0.0,0.9468427253948224,0
-0.7204160456306518,0.12626534721275096,0.3148909410433304,-0.8377782045084,0.04109651324134757,0.19086294793628011,0.0,0.0,1.0,1.0,1.0,0.0,0.9030997514497786,1
0.07074039535579264,0.37857065560325165,0.6470654998380034,0.7884632028285434,-0.07157161573024753,0.3140380969183023,0.0,1.0,1.0,1.0,1.0,1.0,0.790166597164107,1
0.5641037886120814,0.07168135971218094,-1.5334836565018886,-1.4969757999884254,-1.6180236166034048,-0.8310663785041751,0.0,0.0,0.0,1.0,1.0,1.0,0.373798406337707,1
0.9433601569101622,0.7634088020154085,0.29451558646452536,0.6517710265135674,0.3655326352470544,-1.165961880295337,0.0,0.0,0.0,0.0,1.0,1.0,1.177365554104352,1
0.5504754721842424,0.001941716723769584,0.14350803076719476,0.22043560568031043,1.3518839325687093,2.138290128278829,1.0,0.0,1.0,1.0,1.0,0.0,3.794235369935441,0
-0.3780800759465152,0.42316023522667073,-0.6079451324287907,-0.2475519494656801,0.8822876208505892,0.11130371530433157,1.0,0.0,0.0,0.0,0.0,0.0,0.9174441777984385,1
-0.19067404499751198,-0.10918436889883945,-0.4405342680297922,-0.26341502494094726,-0.21550560711023248,-0.7751421971066651,0.0,0.0,1.0,1.0,1.0,1.0,1.317936008546931,1
0.8907164694225077,-1.199130973968464,-0.5891568719429802,0.30333743617505177,-1.5806282270641603,-0.4228472337488387,0.0,0.0,1.0,1.0,1.0,0.0,2.6803111698713646,1
-1.1796742922877226,-1.122927947844304,-0.4388174848539627,-0.5577427873653826,0.7616390176596814,1.7336323439082666,1.0,1.0,1.0,0.0,0.0,1.0,0.6192452518308291,0
0.7006219692885414,-0.15947060921208872,-0.27843207736150144,-1.0450438271520475,1.177140648974394,1.4537132932278611,1.0,0.0,1.0,1.0,0.0,1.0,0.9642634142992114,1
0.06428006445675856,0.872663637602383,-0.33299067662455833,0.25719490817494756,1.528097828267264,2.6628087946388983,1.0,1.0,1.0,0.0,0.0,1.0,0.5177385701665845,1
0.6637442601018713,0.39050317906688214,0.4911012946976806,0.842382904122609,-0.43417157354777625,0.7881718596210837,1.0,0.0,0.0,0.0,1.0,1.0,1.4039962865411413,0
-0.5443003129884495,-1.841151060521737,-0.36938895862109977,0.6284502452259065,0.7204014824213456,-0.24304495625671696,0.0,1.0,1.0,0.0,0.0,0.0,0.7939845300691393,1
1.346908291160653,2.7076413823889673,-0.5618054377148742,-0.18627996006960204,-0.51384773533649,-1.8204178588133164,0.0,0.0,0.0,0.0,1.0,1.0,0.253234656585401,1
-0.5895989539469828,-1.5385255761157428,-1.187674860382356,0.2512029086377465,0.26387998703191,0.9440117056734271,1.0,1.0,0.0,1.0,0.0,1.0,1.0683926009323041,1
0.2573419651051607,-0.21569315233225558,-0.06540553934525829,0.8399201624623697,0.6203572170423458,0.2057472110941311,0.0,0.0,1.0,1.0,0.0,0.0,1.1957355456117675,1
-1.8873225994264349,-1.6828102694879379,0.01047594824038156,1.769070200316011,1.3810550312586478,2.6444965506841873,1.0,1.0,0.0,0.0,1.0,0.0,0.6543245299592705,1
0.17585354379802692,-1.3639995358516308,-0.7538248111702578,-0.49919360849128597,-0.20153109868356403,0.21515509835383592,0.0,1.0,1.0,1.0,1.0,1.0,0.39283908738184364,1
1.0866682106973267,-0.30078441730853167,0.2626681149900231,0.4914315210866592,0.8067022539058777,0.8531661502058988,1.0,0.0,0.0,0.0,0.0,0.0,4.45541889267404,0
-0.02372814136213321,0.2238717462926087,-0.3365338672286027,0.5234408366143579,0.3655313607907615,1.6407298386232065,1.0,0.0,1.0,0.0,1.0,1.0,3.154928209234341,1
0.46788246793148897,0.8919422649076736,0.24254533086288743,0.48625609122577973,-0.31654076811882215,-0.6455497330971238,0.0,1.0,1.0,0.0,1.0,1.0,0.5016676116593957,1
1.4019888487003669,-0.13253910607113895,0.1685822292746912,1.0075043417105163,-0.22908270319112561,-0.808349277537218,1.0,0.0,1.0,0.0,0.0,0.0,2.2966678656148978,1
-0.04158981528070668,0.5253792867908571,0.340452262890194,-2.354019911654174,-2.3909003129868776,-1.2518661701993734,0.0,0.0,1.0,1.0,1.0,1.0,1.3483869619621887,1
-0.5906981619187366,-0.1506858191256572,-0.46615083758912124,0.6818087869377146,-0.07193792727849596,0.34748515699294796,0.0,0.0,0.0,0.0,0.0,0.0,0.31232371747797655,1
-1.1641216758734931,-2.3061014140083005,-2.5947434204936157,-2.0040768580606536,-0.4202008321871687,-0.23371093608072405,0.0,0.0,0.0,0.0,1.0,1.0,0.5152414041260643,1
0.5313576691169029,-0.9686512976454881,-0.6007816679166013,-0.5863409026827353,0.08467054354556698,-0.22469366514395145,0.0,0.0,1.0,0.0,1.0,1.0,1.8376460274613653,1
1.2509924196447193,0.11257339187512894,-0.3611173173715011,0.011782282222012778,0.49187465252450757,0.12664895758681705,0.0,0.0,1.0,1.0,0.0,1.0,0.7254961161083853,1
-0.5811624136150045,-0.832652483974424,-0.6333362674936147,-1.6189232274749357,-0.6463918386353354,0.09429369323806629,0.0,0.0,0.0,1.0,0.0,0.0,0.6372815989348665,1
0.2026950331932773,0.6724693872522008,-2.1925369024466126,-0.9802437474852571,-0.031220715840365322,0.08851580461495313,1.0,1.0,1.0,1.0,0.0,0.0,0.28524749817798123,1
-1.5161136534018076,0.33792584254834196,1.1154349043631608,0.6366943042893328,0.2024874180481464,0.4058767543122173,1.0,0.0,0.0,1.0,0.0,1.0,0.45457243501806277,1
-0.5715288767578436,-0.20527265144982243,-0.9872923381215519,-0.7892771637421659,-1.6130876438783728,-0.2794015455478293,0.0,1.0,1.0,1.0,1.0,1.0,0.27243163229731876,1
-0.8439731519636318,0.3605627035036947,-0.42583262447587095,-0.2177904345406098,-1.0405828385463902,-1.0310065218275724,1.0,1.0,1.0,1.0,0.0,1.0,1.113202475820535,1
-0.03618529848792775,0.22018081415790755,0.696582038396417,-0.5496628860792306,0.32595525194450553,-0.14428809106996723,0.0,1.0,1.0,0.0,1.0,0.0,0.2038102513347995,1
-0.7011539438895954,-0.1560495405206255,-0.6696739584349031,0.48810282830630686,1.1353530448118352,1.170931877203587,1.0,0.0,1.0,1.0,1.0,1.0,0.5698348987514746,1
-0.9770897744883004,-0.21184137440371165,0.9740663247485898,0.7267017501966017,1.4710962719927148,0.8038860187035463,1.0,1.0,1.0,1.0,1.0,1.0,1.7021311733952817,1
0.803140750198904,-0.9496710495081138,-0.8587196529753711,-0.4513538830368856,-0.1118720899698084,0.6479165319706822,1.0,1.0,0.0,1.0,1.0,1.0,0.9594653129215546,1
-0.39171944168265943,-0.1275236581600143,0.589650748244813,0.10687312819288364,0.6167844344229743,-0.48968143545571446,0.0,0.0,0.0,0.0,1.0,1.0,1.1350866846654895,1
