J-S distance,KS test,Survival curves distance,Detection XGB,NSND,K-map score,Identifiability score,NNDR,generator
0.006468180738087021,0.9557291666666665,0.011507788192691383,0.6778564453125,0.09230433976250012,5.0,0.5104166666666666,0.8094436384175443,HI-VAE_weibull_diffusion
0.005567044230101972,0.9566761363636364,0.022734516398779138,0.6697184244791666,0.10681969327089487,4.0,0.4713541666666667,0.8041301184305671,HI-VAE_weibull_diffusion
0.006022975432338518,0.9526515151515152,0.012371292401136125,0.6799519856770834,0.11999091377066713,6.0,0.4427083333333333,0.7987185164986488,HI-VAE_weibull_diffusion
0.004921746022137831,0.9630681818181818,0.012180599287929415,0.64251708984375,0.11573419751166088,5.0,0.4765625,0.8016260313281014,HI-VAE_weibull_diffusion
0.004978356235583806,0.9599905303030304,0.01246751344661149,0.6565348307291666,0.1527064902827749,4.0,0.4713541666666667,0.8071853537494876,HI-VAE_weibull_diffusion
0.00671918455740684,0.9533617424242425,0.02309174258593175,0.6882120768229166,0.1035656047216094,4.0,0.4557291666666667,0.8094710397069009,HI-VAE_weibull_diffusion
0.006409228701869842,0.9512310606060606,0.009146322579474984,0.6612752278645834,0.18263666960574962,5.0,0.4895833333333333,0.7916547160164707,HI-VAE_weibull_diffusion
0.006076502667905901,0.9535984848484849,0.012053409823001187,0.6375935872395834,0.1060879851191564,7.0,0.4947916666666667,0.798293475243655,HI-VAE_weibull_diffusion
0.005697814101735332,0.9547821969696969,0.013105052013201066,0.6532796223958334,0.16245211471699997,8.0,0.4557291666666667,0.809739848324595,HI-VAE_weibull_diffusion
0.004639959261059862,0.9562026515151515,0.018933658513865474,0.6820475260416666,0.13618894352814856,4.0,0.4765625,0.8205674582237291,HI-VAE_weibull_diffusion
0.005332974261382121,0.9564393939393938,0.015899799069950652,0.6605021158854166,0.09894021847627614,2.0,0.4921875,0.8152788016024641,HI-VAE_weibull_diffusion
0.00556814672616976,0.9550189393939393,0.01528839324838511,0.6625569661458334,0.098804800726149,6.0,0.4947916666666667,0.806843472298597,HI-VAE_weibull_diffusion
0.007056236055372368,0.9535984848484849,0.013065672009520532,0.6856486002604166,0.1522752630877518,4.0,0.4296875,0.8119482751219953,HI-VAE_weibull_diffusion
0.005401587374796042,0.9644886363636364,0.009468546545529193,0.6670939127604166,0.11535980983671905,4.0,0.4713541666666667,0.797483283240934,HI-VAE_weibull_diffusion
0.005889628570980831,0.9533617424242423,0.01361019856692677,0.63433837890625,0.11336868090342607,5.0,0.4635416666666667,0.8016417799403341,HI-VAE_weibull_diffusion
0.006346961679515517,0.9528882575757575,0.008476199709855987,0.7131754557291666,0.10321726837502802,2.0,0.4166666666666667,0.8228349739414587,HI-VAE_weibull_diffusion
0.004555772040766051,0.9585700757575757,0.011354421965009315,0.66497802734375,0.12487205752454376,2.0,0.4739583333333333,0.8102857417558434,HI-VAE_weibull_diffusion
0.005290536288127761,0.9592803030303031,0.010841786381756088,0.6605224609375,0.20986553648768647,4.0,0.4583333333333333,0.8052531231097533,HI-VAE_weibull_diffusion
0.005291390073367964,0.9583333333333335,0.009286548234898896,0.64208984375,0.14775896093430396,3.0,0.4505208333333333,0.8122242771933841,HI-VAE_weibull_diffusion
0.00627267694227398,0.9569128787878788,0.006023657911091498,0.6480305989583334,0.12895198462163773,3.0,0.4921875,0.8054647874712879,HI-VAE_weibull_diffusion
0.005196081505805103,0.958806818181818,0.01640010206864211,0.6499837239583334,0.15918195521243997,3.0,0.4635416666666667,0.8018219595592972,HI-VAE_weibull_diffusion
0.004988710114253442,0.9614109848484849,0.01743228912937885,0.671875,0.14501308895788245,4.0,0.4635416666666667,0.8117972597354948,HI-VAE_weibull_diffusion
0.004599187565371054,0.9651988636363638,0.014587798124639726,0.6234944661458334,0.09802041733159302,4.0,0.4869791666666667,0.8162313339391182,HI-VAE_weibull_diffusion
0.005111717958396123,0.9628314393939393,0.01432993934496556,0.6616617838541666,0.14257626877901639,5.0,0.4192708333333333,0.8005282758919436,HI-VAE_weibull_diffusion
0.0056345570861975345,0.9547821969696969,0.012201362090807839,0.6380208333333334,0.22924405763768874,6.0,0.4713541666666667,0.8133069471735874,HI-VAE_weibull_diffusion
0.00524735918700514,0.9595170454545454,0.014574597427729487,0.62823486328125,0.1240662609761984,6.0,0.4557291666666667,0.8071919744380835,HI-VAE_weibull_diffusion
0.0054441815756461585,0.9604640151515151,0.012133277732596889,0.64495849609375,0.15368386479505172,4.0,0.46875,0.8061353315740267,HI-VAE_weibull_diffusion
0.0054274431464294715,0.9509943181818182,0.020415578495730446,0.6645304361979166,0.16128878612655495,6.0,0.4765625,0.802434654473188,HI-VAE_weibull_diffusion
0.0048310865447314215,0.9651988636363638,0.009444500042193568,0.6787923177083334,0.10716756111355678,3.0,0.4635416666666667,0.8071707672601474,HI-VAE_weibull_diffusion
0.005676454759284667,0.9566761363636364,0.012508939857301055,0.6664225260416666,0.12219116687921154,2.0,0.4375,0.8156377727625773,HI-VAE_weibull_diffusion
0.004558599985824818,0.9649621212121211,0.012583391914088232,0.6628824869791666,0.1041327639565479,4.0,0.4713541666666667,0.8056095510380928,HI-VAE_weibull_diffusion
0.005731969679457389,0.9533617424242423,0.024162572877196545,0.6566975911458334,0.0790863851493762,4.0,0.4270833333333333,0.8080798523049798,HI-VAE_weibull_diffusion
0.0045407051767319935,0.9637784090909091,0.013009444969043894,0.6649576822916666,0.10211723349397621,3.0,0.4479166666666667,0.8015571494386486,HI-VAE_weibull_diffusion
0.00546249378937952,0.9616477272727273,0.005046456465521576,0.6662394205729166,0.2078814153711048,7.0,0.4479166666666667,0.8066981104690695,HI-VAE_weibull_diffusion
0.004623103786460729,0.9630681818181818,0.009235945538341768,0.6667683919270834,0.10521787693422846,3.0,0.4557291666666667,0.8142407790336069,HI-VAE_weibull_diffusion
0.006348029890478147,0.9552556818181817,0.007591198864771725,0.6607462565104166,0.18022795263047242,3.0,0.4322916666666667,0.801416788377072,HI-VAE_weibull_diffusion
0.0038839423402790285,0.964251893939394,0.015253790542928322,0.63995361328125,0.12132970990490126,5.0,0.4713541666666667,0.7974937764783525,HI-VAE_weibull_diffusion
0.004504281740926392,0.9597537878787878,0.008153989200284695,0.6224365234375,0.10514463627146305,7.0,0.453125,0.8135051666172082,HI-VAE_weibull_diffusion
0.00570969868787154,0.9580965909090909,0.013383844479608883,0.66595458984375,0.10919785077922783,3.0,0.421875,0.8046481800837081,HI-VAE_weibull_diffusion
0.0050177679429121306,0.9635416666666667,0.010591802528567567,0.611328125,0.1725031583147926,7.0,0.4817708333333333,0.8131954182121122,HI-VAE_weibull_diffusion
0.0054342814264045315,0.9590435606060606,0.00924201584043186,0.6443888346354166,0.1433335304002795,4.0,0.4609375,0.8152747069474212,HI-VAE_weibull_diffusion
0.0049981116047463905,0.9578598484848485,0.011044693597736643,0.6198323567708334,0.18742936766668838,3.0,0.4583333333333333,0.8219131960604685,HI-VAE_weibull_diffusion
0.0056119632914120345,0.9573863636363636,0.014345676658761422,0.6680501302083334,0.11585733524995477,4.0,0.4713541666666667,0.8011747662007137,HI-VAE_weibull_diffusion
0.005526258593225582,0.9590435606060606,0.011994755107820746,0.6529947916666666,0.17188266442551858,1.0,0.453125,0.8011923563663698,HI-VAE_weibull_diffusion
0.004950520563749237,0.9647253787878789,0.014774196139145601,0.6512858072916666,0.12822193848471997,5.0,0.4921875,0.8075983292414942,HI-VAE_weibull_diffusion
0.00625162291138654,0.9526515151515151,0.02014475719618581,0.6763102213541666,0.1303791199126079,2.0,0.4895833333333333,0.8016195605185654,HI-VAE_weibull_diffusion
0.004953596814729098,0.9611742424242425,0.012508115395067031,0.6422526041666666,0.13379700812303316,4.0,0.4713541666666667,0.8087748872009093,HI-VAE_weibull_diffusion
0.005665841227931691,0.9576231060606062,0.015038940841951575,0.6473592122395834,0.13667688294402122,3.0,0.4869791666666667,0.8130428504467182,HI-VAE_weibull_diffusion
0.005434501128618336,0.9609375,0.0170557113005184,0.6400960286458334,0.19850853118814218,5.0,0.4635416666666667,0.8055779196298184,HI-VAE_weibull_diffusion
0.005929811300912818,0.9573863636363636,0.01324337910661892,0.6441650390625,0.08849892695211391,5.0,0.4869791666666667,0.8046971326640773,HI-VAE_weibull_diffusion
0.00460170030421412,0.9628314393939394,0.012576067967295579,0.6763102213541666,0.1311888888290261,4.0,0.453125,0.8189867863645697,HI-VAE_weibull_diffusion
0.004316028975600337,0.9680397727272727,0.01372576501880718,0.6641743977864584,0.14739635165128998,4.0,0.5182291666666666,0.7942494352197134,HI-VAE_weibull_diffusion
0.004814164413887217,0.9614109848484849,0.013518203864940438,0.6676839192708334,0.10580834541567452,3.0,0.4140625,0.8216776549773912,HI-VAE_weibull_diffusion
0.005912867330243276,0.9533617424242425,0.013036460720187219,0.6026611328125,0.1630723507214523,4.0,0.4557291666666667,0.7915592167820694,HI-VAE_weibull_diffusion
0.004130286237631222,0.9680397727272726,0.009914160403858166,0.6417439778645834,0.15597214862797024,2.0,0.46875,0.8044879624368162,HI-VAE_weibull_diffusion
0.005873029945764437,0.9590435606060607,0.013837219331178435,0.6283772786458334,0.1297965930996405,4.0,0.4296875,0.8074223623909351,HI-VAE_weibull_diffusion
0.0051688428586865445,0.9621212121212122,0.011945547336694238,0.6486409505208334,0.17093474620332638,3.0,0.4635416666666667,0.8141498400567223,HI-VAE_weibull_diffusion
0.004415403540866045,0.9609375,0.009963883443345822,0.6626180013020834,0.07964674527318072,3.0,0.4661458333333333,0.813735047471057,HI-VAE_weibull_diffusion
0.0064247027413241705,0.9535984848484848,0.00717515662632452,0.6834920247395834,0.12140158443092575,6.0,0.5052083333333334,0.8100024393682203,HI-VAE_weibull_diffusion
0.006449028860077655,0.9528882575757577,0.015910076982696614,0.6650594075520834,0.12027969543617441,2.0,0.453125,0.8019122129167661,HI-VAE_weibull_diffusion
0.005440894342372416,0.9592803030303031,0.018451785476126976,0.6793416341145834,0.1282442115994247,2.0,0.453125,0.8095188063619138,HI-VAE_weibull_diffusion
0.004866286867854176,0.9616477272727273,0.007085652855933116,0.6389567057291666,0.16859952695096694,7.0,0.4479166666666667,0.8037016242139101,HI-VAE_weibull_diffusion
0.005054739619443135,0.9588068181818183,0.008063644563555196,0.6594645182291666,0.1352688728876517,4.0,0.4817708333333333,0.8001396367211489,HI-VAE_weibull_diffusion
0.005555110164717902,0.9607007575757577,0.010115695761488493,0.650634765625,0.11333071481122396,5.0,0.4895833333333333,0.8172248147108991,HI-VAE_weibull_diffusion
0.005375582593448691,0.9540719696969696,0.017845307226950703,0.6480712890625,0.12384076443715263,3.0,0.4661458333333333,0.8041652020521101,HI-VAE_weibull_diffusion
0.005033654531864554,0.9604640151515151,0.006740584965477954,0.64617919921875,0.08705106999197387,4.0,0.4557291666666667,0.8046770864285829,HI-VAE_weibull_diffusion
0.005529584454967127,0.9580965909090909,0.006925404106479674,0.6163330078125,0.11119329279826458,4.0,0.4375,0.7972228742523656,HI-VAE_weibull_diffusion
0.0069126254442440135,0.9543087121212122,0.016044895068527007,0.6589558919270834,0.08684605898156099,4.0,0.4583333333333333,0.8191587022347085,HI-VAE_weibull_diffusion
0.006402860275615347,0.9526515151515152,0.007598459938504841,0.6647745768229166,0.10589003835532614,5.0,0.4583333333333333,0.8137352039538197,HI-VAE_weibull_diffusion
0.004971754626947661,0.9609375,0.016328779716493977,0.6281534830729166,0.10472225386897561,7.0,0.46875,0.8111985194606353,HI-VAE_weibull_diffusion
0.005188244927668423,0.9595170454545454,0.004998212754955728,0.6278483072916666,0.09103307524246977,4.0,0.4427083333333333,0.8052722496823091,HI-VAE_weibull_diffusion
0.006151955720133582,0.9557291666666667,0.010218195482918972,0.6339111328125,0.11639993964214328,4.0,0.4635416666666667,0.8079179467872472,HI-VAE_weibull_diffusion
0.004923680595985706,0.958806818181818,0.007255066388557254,0.6385904947916666,0.11088750298146226,4.0,0.46875,0.8023267767258293,HI-VAE_weibull_diffusion
0.006578838479537815,0.9564393939393938,0.01756112356975052,0.67724609375,0.11066960378245831,3.0,0.4322916666666667,0.8057832012647488,HI-VAE_weibull_diffusion
0.004875002577486544,0.9614109848484848,0.007364908965880668,0.6929117838541666,0.21850978479246952,3.0,0.453125,0.8156418999710494,HI-VAE_weibull_diffusion
0.005040123669889065,0.9640151515151516,0.009131094460621533,0.64910888671875,0.14480156123991897,2.0,0.46875,0.8070013269681643,HI-VAE_weibull_diffusion
0.004723309303185815,0.9611742424242423,0.006415614015044002,0.65191650390625,0.10999732026881637,5.0,0.4817708333333333,0.8134238148292541,HI-VAE_weibull_diffusion
0.004856713812711611,0.9621212121212122,0.017191768981322377,0.662109375,0.11181656771620589,2.0,0.453125,0.807436573030915,HI-VAE_weibull_diffusion
0.004237157018823696,0.9654356060606062,0.004724398508048312,0.6308390299479166,0.11850138625041524,2.0,0.4505208333333333,0.8096486765159927,HI-VAE_weibull_diffusion
0.00445643911859754,0.9637784090909091,0.006370717101430467,0.6654052734375,0.08953341044765804,5.0,0.4296875,0.7992619654992272,HI-VAE_weibull_diffusion
0.005346278430000957,0.9528882575757577,0.02887275468850482,0.6593221028645834,0.14687584008751361,4.0,0.4765625,0.8099228509959623,HI-VAE_weibull_diffusion
0.006486182622529086,0.9547821969696969,0.012704398809209065,0.6669514973958334,0.09977180608811494,4.0,0.4348958333333333,0.8036390281832807,HI-VAE_weibull_diffusion
0.005054104840436048,0.9564393939393938,0.008959261848730846,0.6255900065104166,0.10564921430306888,4.0,0.4895833333333333,0.8049363451118801,HI-VAE_weibull_diffusion
0.006562695841602558,0.9528882575757577,0.016549064280994088,0.609619140625,0.09962241861995957,5.0,0.4609375,0.8012629770566528,HI-VAE_weibull_diffusion
0.006427327237844916,0.954308712121212,0.014797835472352265,0.6680501302083334,0.17865759002946122,5.0,0.4192708333333333,0.8080209473129591,HI-VAE_weibull_diffusion
0.005409085691526692,0.9554924242424242,0.014121120658306802,0.640380859375,0.1526912919115797,4.0,0.4505208333333333,0.8058591440346432,HI-VAE_weibull_diffusion
0.005931937530693268,0.9590435606060606,0.009498016325069032,0.6416015625,0.1703944424601254,4.0,0.4375,0.8012754905945124,HI-VAE_weibull_diffusion
0.005114063975050451,0.9583333333333333,0.005508044898169906,0.6231892903645834,0.0974467840394244,3.0,0.4635416666666667,0.8040871703104915,HI-VAE_weibull_diffusion
0.005551312099675912,0.9545454545454546,0.013269725776523142,0.6911214192708334,0.11177664933850877,4.0,0.4114583333333333,0.8044385993578435,HI-VAE_weibull_diffusion
0.005346928732473318,0.9562026515151515,0.009523771043589075,0.6518758138020834,0.09577379886769072,2.0,0.4713541666666667,0.7973718270859752,HI-VAE_weibull_diffusion
0.0059136973159377056,0.9599905303030304,0.016434900845010536,0.6470133463541666,0.15737427884371455,2.0,0.46875,0.7968134385173715,HI-VAE_weibull_diffusion
0.004366357333610849,0.9663825757575757,0.008768426112611204,0.6474405924479166,0.18500909074361893,6.0,0.5026041666666666,0.7921879794146804,HI-VAE_weibull_diffusion
0.005148986042813177,0.9607007575757577,0.007451078442321987,0.6521809895833334,0.09301417902181026,4.0,0.5052083333333334,0.8148369150970886,HI-VAE_weibull_diffusion
0.004450941136725033,0.9640151515151516,0.01296522385579587,0.6454264322916666,0.13818936936031292,3.0,0.4557291666666667,0.8135344458855908,HI-VAE_weibull_diffusion
0.005627588389681672,0.9569128787878789,0.008626043017883443,0.6544392903645834,0.11342214565899576,4.0,0.4765625,0.7920262921506356,HI-VAE_weibull_diffusion
0.005220222205361161,0.9590435606060607,0.011540149983040274,0.6761881510416666,0.09234404024199235,1.0,0.4869791666666667,0.8041309908328338,HI-VAE_weibull_diffusion
0.005407142758271598,0.958806818181818,0.011124250574219993,0.6374104817708334,0.15051837025655082,7.0,0.453125,0.7948073975576998,HI-VAE_weibull_diffusion
0.005346765626455214,0.9607007575757577,0.013145580972690316,0.6676025390625,0.16293381536854554,3.0,0.4609375,0.801693586589946,HI-VAE_weibull_diffusion
0.005482651961377469,0.9609375,0.009821093858163673,0.6298828125,0.15322453669677696,3.0,0.4375,0.8108715000182374,HI-VAE_weibull_diffusion
0.005964855312192208,0.9576231060606062,0.009295766231702286,0.64239501953125,0.1823417252815461,6.0,0.4817708333333333,0.808133176017579,HI-VAE_weibull_diffusion
0.0047294176562112595,0.9585700757575758,0.011512022012303226,0.66998291015625,0.10986794602400522,4.0,0.4765625,0.8037604077521112,HI-VAE_weibull_diffusion
0.005916371339261564,0.9614109848484848,0.004546202909153607,0.6361897786458334,0.1843640767780642,2.0,0.4557291666666667,0.8051513850920177,HI-VAE_weibull_diffusion
0.00510547643770746,0.9628314393939394,0.014635963822836065,0.66302490234375,0.13980813666321842,5.0,0.4296875,0.8030362003752152,HI-VAE_weibull_diffusion
0.004609358633753363,0.9621212121212122,0.007063394722282468,0.6456095377604166,0.1102820808339851,3.0,0.4661458333333333,0.8084382983837695,HI-VAE_weibull_diffusion
0.004009963546575727,0.9666193181818182,0.009440356984493577,0.64031982421875,0.09531348268004447,6.0,0.4817708333333333,0.8082706539294081,HI-VAE_weibull_diffusion
0.004778783681779554,0.9616477272727273,0.014865374179746515,0.63848876953125,0.09604323287673681,6.0,0.5182291666666666,0.8032056945511962,HI-VAE_weibull_diffusion
0.005290232902201635,0.9616477272727273,0.01608093413791906,0.6506144205729166,0.08107290641325819,4.0,0.46875,0.8050946822467119,HI-VAE_weibull_diffusion
0.005120228773042857,0.9607007575757575,0.017939511091088798,0.6676432291666666,0.1570837666624257,4.0,0.4635416666666667,0.8123178674117256,HI-VAE_weibull_diffusion
0.005696213010096363,0.959753787878788,0.011733265161191874,0.61224365234375,0.1041334765752308,6.0,0.46875,0.8170865248900073,HI-VAE_weibull_diffusion
0.005253071859638764,0.9595170454545454,0.009159277619709253,0.6595865885416666,0.13714963241498065,4.0,0.4557291666666667,0.8081807157168526,HI-VAE_weibull_diffusion
0.0048840956828660525,0.9614109848484848,0.006242810295056833,0.6821695963541666,0.09957756875824897,6.0,0.4505208333333333,0.8131488899302126,HI-VAE_weibull_diffusion
0.005665813165744037,0.9552556818181817,0.010460086189602083,0.6836344401041666,0.12318541773219167,3.0,0.4635416666666667,0.8107346058507854,HI-VAE_weibull_diffusion
0.005416503073676676,0.9628314393939394,0.012019686523716431,0.6426188151041666,0.138053981708707,5.0,0.4765625,0.7994002395672103,HI-VAE_weibull_diffusion
0.005360645709371221,0.9554924242424242,0.022834849070505273,0.6696573893229166,0.08692428388028313,2.0,0.46875,0.815137565239142,HI-VAE_weibull_diffusion
0.006388242660967065,0.9540719696969696,0.010516983422292184,0.6489054361979166,0.1615994302122288,3.0,0.4375,0.8078684718218041,HI-VAE_weibull_diffusion
0.004639383616169066,0.9661458333333333,0.007485627455675415,0.64227294921875,0.14436999288297445,5.0,0.4583333333333333,0.8045618454563488,HI-VAE_weibull_diffusion
0.005505155122804494,0.9607007575757577,0.012038111930096932,0.661376953125,0.1502295339609884,5.0,0.46875,0.8094161183699292,HI-VAE_weibull_diffusion
0.005162579408784971,0.9611742424242425,0.009787186679472051,0.64642333984375,0.07979361508740085,2.0,0.4609375,0.8203170442616162,HI-VAE_weibull_diffusion
0.006518714514881007,0.9483901515151516,0.016849140469875436,0.6137491861979166,0.11899947519802657,7.0,0.4505208333333333,0.8079888432839246,HI-VAE_weibull_diffusion
0.0038894974532380972,0.9694602272727273,0.00635833821034626,0.68695068359375,0.1490038435912781,3.0,0.4713541666666667,0.801279599630079,HI-VAE_weibull_diffusion
0.005227225083828007,0.9592803030303031,0.020963199309960736,0.6322835286458334,0.12775997927225438,3.0,0.4557291666666667,0.7996224430332867,HI-VAE_weibull_diffusion
0.004748697448239159,0.9614109848484849,0.011311414202239353,0.64276123046875,0.10753706949409585,3.0,0.5026041666666666,0.7940589964580096,HI-VAE_weibull_diffusion
0.005326943897651607,0.9578598484848485,0.01109106721970226,0.6639404296875,0.11627221163798347,4.0,0.4921875,0.8064183117059701,HI-VAE_weibull_diffusion
0.006141540152890051,0.9559659090909091,0.014520726764116185,0.6385498046875,0.0999858121629449,3.0,0.4713541666666667,0.8036166499239373,HI-VAE_weibull_diffusion
0.006013375622303093,0.9566761363636364,0.007847079208320954,0.63958740234375,0.14983115947136036,2.0,0.4791666666666667,0.8056525299376496,HI-VAE_weibull_diffusion
0.004427681483875084,0.9602272727272727,0.019451881957444073,0.6597493489583334,0.12094724913118432,5.0,0.4661458333333333,0.8156836342263708,HI-VAE_weibull_diffusion
0.004516594371593765,0.9554924242424243,0.01968705414929969,0.6400553385416666,0.10929732602908769,3.0,0.4192708333333333,0.8067784246353333,HI-VAE_weibull_diffusion
0.005329490183955625,0.9592803030303031,0.008478590670492949,0.6400349934895834,0.12103332258635043,4.0,0.4765625,0.8057990328295029,HI-VAE_weibull_diffusion
0.005676386883502937,0.9554924242424243,0.011731549434353505,0.6306355794270834,0.15918826885890988,7.0,0.4505208333333333,0.8072824483538007,HI-VAE_weibull_diffusion
0.006196436090089042,0.9533617424242423,0.012159474337555192,0.6611328125,0.1184917456469169,4.0,0.4609375,0.8009327801180148,HI-VAE_weibull_diffusion
0.005798432886376614,0.9550189393939393,0.018269861335824852,0.6571858723958334,0.13449437331006894,5.0,0.4557291666666667,0.8221696973510663,HI-VAE_weibull_diffusion
0.005318439861730289,0.9588068181818182,0.006135911689237984,0.6684977213541666,0.13695920017082047,6.0,0.453125,0.8024843163696437,HI-VAE_weibull_diffusion
0.006212143924844746,0.9592803030303029,0.013269905242572854,0.62689208984375,0.13853818658185502,3.0,0.4609375,0.8170156664938775,HI-VAE_weibull_diffusion
0.0047893629886182326,0.9621212121212122,0.01093352413574187,0.64599609375,0.10525596860519637,4.0,0.4765625,0.8198030093460437,HI-VAE_weibull_diffusion
0.005300780846567866,0.9578598484848485,0.0070137350428158525,0.64801025390625,0.21558934761213702,4.0,0.4973958333333333,0.8079789673451558,HI-VAE_weibull_diffusion
0.005464293701574662,0.9602272727272727,0.008330206316406689,0.6459757486979166,0.09407455724903784,4.0,0.4635416666666667,0.810073809725715,HI-VAE_weibull_diffusion
0.005352704157872555,0.9637784090909093,0.006712352379195946,0.6374308268229166,0.13600445880619105,5.0,0.4661458333333333,0.8175296341054222,HI-VAE_weibull_diffusion
0.004701739335628577,0.9623579545454547,0.009221709571266017,0.6114298502604166,0.10077884843286984,5.0,0.5052083333333334,0.8145029866765222,HI-VAE_weibull_diffusion
0.006269984541102811,0.9580965909090909,0.0111884597410837,0.6572265625,0.17241186569776867,5.0,0.4192708333333333,0.8120772827285264,HI-VAE_weibull_diffusion
0.005113828185516808,0.9557291666666667,0.01538588775070083,0.6670125325520834,0.12494156409850636,6.0,0.4322916666666667,0.8164337871539092,HI-VAE_weibull_diffusion
0.0062235562719640015,0.9578598484848485,0.013944424478568617,0.66534423828125,0.11988909460767831,6.0,0.4583333333333333,0.8000309736237968,HI-VAE_weibull_diffusion
0.005296739184016252,0.9578598484848485,0.005733134100135392,0.65570068359375,0.17467861846418228,4.0,0.4791666666666667,0.8034064141831317,HI-VAE_weibull_diffusion
0.006252145312522856,0.9595170454545454,0.013604228571639308,0.6665242513020834,0.14437097096224635,6.0,0.4609375,0.8210750300969086,HI-VAE_weibull_diffusion
0.005866473847810117,0.9580965909090907,0.009368307557420966,0.66656494140625,0.09050276355946563,3.0,0.4609375,0.8059099814786391,HI-VAE_weibull_diffusion
0.005351955021750856,0.9571496212121212,0.014162946641745324,0.6376139322916666,0.12388540632182793,2.0,0.4322916666666667,0.8043980286679225,HI-VAE_weibull_diffusion
0.005530235276612914,0.9545454545454546,0.006428580803243612,0.68304443359375,0.17229094776702647,5.0,0.421875,0.814326160453984,HI-VAE_weibull_diffusion
0.004905306543266004,0.965435606060606,0.01273277055252443,0.6735636393229166,0.1094335988589309,5.0,0.4609375,0.816259308851054,HI-VAE_weibull_diffusion
0.0055564879332488494,0.956439393939394,0.018307796722152977,0.6651407877604166,0.13794085241817847,5.0,0.4348958333333333,0.8092704247024295,HI-VAE_weibull_diffusion
0.005901852590241321,0.9578598484848485,0.018451057924263152,0.6527303059895834,0.13915274920831025,4.0,0.484375,0.7983708582934633,HI-VAE_weibull_diffusion
0.0058771465193192965,0.9550189393939394,0.008825476492947251,0.6808064778645834,0.1266192729261428,4.0,0.4661458333333333,0.8031352189134902,HI-VAE_weibull_diffusion
0.005749851238303638,0.9562026515151515,0.009916767873088535,0.6953125,0.16922327543272253,5.0,0.4765625,0.8043746819438943,HI-VAE_weibull_diffusion
0.005337368345212013,0.9569128787878789,0.011088838545972387,0.6319783528645834,0.14200460049983207,3.0,0.46875,0.8091943050968072,HI-VAE_weibull_diffusion
0.005012662724843572,0.9614109848484848,0.014714191033030158,0.6573282877604166,0.10496339100221896,4.0,0.4817708333333333,0.819363501601386,HI-VAE_weibull_diffusion
0.004893049808497212,0.9618844696969696,0.011173697534930707,0.654296875,0.1189087683798602,6.0,0.4921875,0.8043765616931868,HI-VAE_weibull_diffusion
0.005742080803606158,0.9512310606060606,0.014187554177471189,0.6740519205729166,0.104651424508232,4.0,0.453125,0.8041537093198516,HI-VAE_weibull_diffusion
0.00503159115271412,0.9628314393939394,0.007081716354948181,0.6551106770833334,0.09285473549276468,5.0,0.4348958333333333,0.8076533372642272,HI-VAE_weibull_diffusion
0.006204566100805875,0.9535984848484849,0.015450458017842337,0.6854248046875,0.11578070952652264,3.0,0.4583333333333333,0.8113215371375686,HI-VAE_weibull_diffusion
0.005012570274747829,0.9609375,0.0066212761920867716,0.6822102864583334,0.11670819276621118,2.0,0.4270833333333333,0.8061562037888239,HI-VAE_weibull_diffusion
0.0045323057020506315,0.9640151515151515,0.00606913764678632,0.6722208658854166,0.11166421393400572,5.0,0.4322916666666667,0.8094293749566256,HI-VAE_weibull_diffusion
0.004250480997062812,0.9647253787878788,0.012081254342917746,0.6363525390625,0.08445754557703804,3.0,0.4609375,0.8066456813103343,HI-VAE_weibull_diffusion
0.004038703264973091,0.9644886363636364,0.007916977282999942,0.6538492838541666,0.12268648169033859,3.0,0.453125,0.8053415516241875,HI-VAE_weibull_diffusion
0.006860152662218133,0.9509943181818182,0.005583316272881664,0.6723429361979166,0.10321527691952008,1.0,0.4479166666666667,0.8026837534848117,HI-VAE_weibull_diffusion
0.00516387067329892,0.9668560606060607,0.008961555565547775,0.6540120442708334,0.18129291499925246,3.0,0.4583333333333333,0.7929549955325993,HI-VAE_weibull_diffusion
0.006603992250627083,0.9512310606060606,0.016214832217223907,0.6472371419270834,0.09761449838949836,3.0,0.453125,0.8118513498616542,HI-VAE_weibull_diffusion
0.005141460578196821,0.9602272727272726,0.010682402152768377,0.6268513997395834,0.08568828177971256,3.0,0.4583333333333333,0.8212710161898458,HI-VAE_weibull_diffusion
0.005145316917557123,0.9597537878787878,0.016152108820123905,0.6529541015625,0.11571081449908026,7.0,0.4505208333333333,0.8101007525773187,HI-VAE_weibull_diffusion
0.006560423616814895,0.9540719696969696,0.009658991752469427,0.6489664713541666,0.1901221601937759,5.0,0.4557291666666667,0.8100647311450526,HI-VAE_weibull_diffusion
0.005835356449780354,0.9545454545454546,0.01291308884189366,0.6416015625,0.17826436217321828,4.0,0.4661458333333333,0.806928471051657,HI-VAE_weibull_diffusion
0.0060747928550531904,0.9545454545454546,0.02569881653664023,0.6254679361979166,0.1369891119035368,5.0,0.4713541666666667,0.8043076736496764,HI-VAE_weibull_diffusion
0.0059815735320697064,0.957623106060606,0.02865182273412899,0.6428426106770834,0.09845188041523684,4.0,0.4713541666666667,0.811845892140631,HI-VAE_weibull_diffusion
0.00584143613581068,0.9604640151515152,0.015304844446575499,0.6732381184895834,0.08448695655994863,3.0,0.4713541666666667,0.8040455931184307,HI-VAE_weibull_diffusion
0.004817186249705513,0.9630681818181818,0.010922926422189939,0.6222330729166666,0.10638042902538598,6.0,0.4348958333333333,0.7974708953135706,HI-VAE_weibull_diffusion
0.005833046436011394,0.9566761363636364,0.018172585908177143,0.6931559244791666,0.11614369930126711,3.0,0.4739583333333333,0.807079024907015,HI-VAE_weibull_diffusion
0.0056562247466166735,0.956439393939394,0.009327852333019925,0.6674397786458334,0.09916346732761165,2.0,0.4322916666666667,0.8023947530276664,HI-VAE_weibull_diffusion
0.004237577032764035,0.9659090909090909,0.014163007099148264,0.6920979817708334,0.13370572537402606,1.0,0.4270833333333333,0.8018595571949148,HI-VAE_weibull_diffusion
0.005771267343308652,0.9590435606060606,0.015149545232972062,0.5941975911458334,0.1400843065536503,5.0,0.4661458333333333,0.8108667751366064,HI-VAE_weibull_diffusion
0.004399372927420992,0.9673295454545454,0.009953429036023469,0.6583048502604166,0.10070357998864833,5.0,0.4505208333333333,0.7999222512532352,HI-VAE_weibull_diffusion
0.006321207714922578,0.9547821969696969,0.024156842583341557,0.6754557291666666,0.09888090444706628,6.0,0.4557291666666667,0.8114800137677253,HI-VAE_weibull_diffusion
0.004694147234450478,0.9633049242424243,0.012558918663968889,0.6803385416666666,0.1420412582243973,5.0,0.4817708333333333,0.8124941504618505,HI-VAE_weibull_diffusion
0.0062015903969707825,0.9521780303030302,0.018279458929645085,0.6805013020833334,0.11652911490577372,5.0,0.4322916666666667,0.8039530911456441,HI-VAE_weibull_diffusion
0.005528081878096013,0.9595170454545454,0.02040726132122766,0.6563313802083334,0.16751045657056732,2.0,0.4114583333333333,0.8054777909212942,HI-VAE_weibull_diffusion
0.004691837653364248,0.9630681818181818,0.007449249475414087,0.6499226888020834,0.09644034124992713,2.0,0.4765625,0.8175863899762433,HI-VAE_weibull_diffusion
0.004814021932828768,0.9621212121212122,0.007965260674069805,0.6647135416666666,0.18553495439384812,5.0,0.4791666666666667,0.8076861279031657,HI-VAE_weibull_diffusion
0.004975505568224542,0.9628314393939394,0.010614006725077303,0.64349365234375,0.12852240772125173,4.0,0.4973958333333333,0.804232898521466,HI-VAE_weibull_diffusion
0.005951969380118588,0.9550189393939393,0.010749560332659024,0.6614176432291666,0.11749143974796106,3.0,0.4895833333333333,0.8279427737928686,HI-VAE_weibull_diffusion
0.005626694748986254,0.9583333333333335,0.00994334057475258,0.65570068359375,0.10161004723752982,5.0,0.4791666666666667,0.7993207903916679,HI-VAE_weibull_diffusion
0.004674815302139516,0.9625946969696969,0.007614022872277576,0.66619873046875,0.1274234072424788,4.0,0.4895833333333333,0.8128761496123466,HI-VAE_weibull_diffusion
0.005787748099726577,0.9580965909090909,0.011576886306992341,0.7288004557291666,0.1225533337482182,3.0,0.4348958333333333,0.8095471231070542,HI-VAE_weibull_diffusion
0.005662509484270599,0.9602272727272727,0.007493053061184605,0.6017659505208334,0.12387561397518691,7.0,0.4713541666666667,0.8082080545602904,HI-VAE_weibull_diffusion
0.005384644797387473,0.9564393939393938,0.019558033423301254,0.6871541341145834,0.08554096668841848,3.0,0.4375,0.7982955158962112,HI-VAE_weibull_diffusion
0.00417413625629511,0.9625946969696969,0.005704930620913224,0.640380859375,0.21258566066867024,5.0,0.4869791666666667,0.8069008863856071,HI-VAE_weibull_diffusion
0.006469287816881575,0.9547821969696969,0.024236871456914548,0.6526082356770834,0.10196875770906817,5.0,0.4479166666666667,0.8047089755399206,HI-VAE_weibull_diffusion
0.005849864305755625,0.9607007575757577,0.016527521044215378,0.6336873372395834,0.08156076219707635,5.0,0.46875,0.7998545337119702,HI-VAE_weibull_diffusion
0.005194635189242646,0.9625946969696969,0.01271034026868396,0.6475830078125,0.12204770024669687,4.0,0.4869791666666667,0.8088325246812572,HI-VAE_weibull_diffusion
0.00486162336148904,0.9597537878787878,0.009425074465577042,0.67425537109375,0.1276273588423907,6.0,0.4583333333333333,0.7971425304229203,HI-VAE_weibull_diffusion
0.004328993301709345,0.9607007575757575,0.011205441132019227,0.64410400390625,0.09479135284429492,4.0,0.4921875,0.8110798842346532,HI-VAE_weibull_diffusion
0.0061039717304039905,0.9531250000000001,0.014271089290777132,0.6468912760416666,0.10498380620140609,2.0,0.4661458333333333,0.8088780222312204,HI-VAE_weibull_diffusion
0.0064357015885776895,0.9543087121212122,0.02550481958114662,0.6121419270833334,0.13788637822875252,6.0,0.453125,0.8043116253473018,HI-VAE_weibull_diffusion
0.005025609460155649,0.9625946969696969,0.01150918807339726,0.66845703125,0.1089560313072195,2.0,0.4583333333333333,0.822665371282679,HI-VAE_weibull_diffusion
0.005763215783250734,0.9566761363636364,0.009867285536020436,0.6623738606770834,0.08136768260979288,3.0,0.4791666666666667,0.814156397279142,HI-VAE_weibull_diffusion
0.005228914035721125,0.9569128787878789,0.0053607738436401604,0.66558837890625,0.15967051181403027,4.0,0.4791666666666667,0.7964358868885859,HI-VAE_piecewise_diffusion
0.005624740258644662,0.9588068181818183,0.003628887842579597,0.68609619140625,0.11621426416988989,5.0,0.4609375,0.8169868648235199,HI-VAE_piecewise_diffusion
0.006244831457324133,0.9507575757575758,0.012824386689369251,0.67718505859375,0.12471881069208023,6.0,0.4661458333333333,0.8085854063694055,HI-VAE_piecewise_diffusion
0.005093395205943436,0.9604640151515151,0.006614834538403749,0.6933797200520834,0.1459477630661182,7.0,0.4609375,0.8126276767821471,HI-VAE_piecewise_diffusion
0.0062682744007623295,0.9571496212121212,0.005504928565373147,0.660400390625,0.22275325783593533,5.0,0.4557291666666667,0.8061999941195193,HI-VAE_piecewise_diffusion
0.005846468041350394,0.9602272727272727,0.010833825488302522,0.6542154947916666,0.21480103770625666,5.0,0.4921875,0.8100850091728603,HI-VAE_piecewise_diffusion
0.00688926606118291,0.9517045454545454,0.016199384756996314,0.6868693033854166,0.20279142407910175,8.0,0.4348958333333333,0.8235832274936644,HI-VAE_piecewise_diffusion
0.0065038513004056836,0.9538352272727273,0.023121800281034822,0.6609293619791666,0.14998893257267612,10.0,0.4739583333333333,0.8172123732703703,HI-VAE_piecewise_diffusion
0.005079057280194054,0.9569128787878789,0.006246251265764762,0.66448974609375,0.11831391036831325,1.0,0.4609375,0.8164131541976488,HI-VAE_piecewise_diffusion
0.005297118796113119,0.9614109848484849,0.01095898448873146,0.6469930013020834,0.11414678321715917,4.0,0.4973958333333333,0.8172455735651012,HI-VAE_piecewise_diffusion
0.005671822226447011,0.9583333333333333,0.009763273537992776,0.6925862630208334,0.20799058158685316,6.0,0.4635416666666667,0.8084236434001132,HI-VAE_piecewise_diffusion
0.007073106571223694,0.9517045454545453,0.023986282675160005,0.6860148111979166,0.14449840655916443,5.0,0.4557291666666667,0.8141212850327366,HI-VAE_piecewise_diffusion
0.006477558133659267,0.9540719696969696,0.004531878977922524,0.6366984049479166,0.11082396630269109,4.0,0.4661458333333333,0.8058674981631182,HI-VAE_piecewise_diffusion
0.005906806067972814,0.9569128787878788,0.01038666690957519,0.6925048828125,0.1647378221957779,1.0,0.4348958333333333,0.8230450596189329,HI-VAE_piecewise_diffusion
0.006402745646713164,0.9528882575757575,0.007369171346795606,0.6705118815104166,0.21216471134710999,5.0,0.4791666666666667,0.8093239665897508,HI-VAE_piecewise_diffusion
0.00546484432066943,0.9597537878787878,0.006966552243398928,0.6835123697916666,0.16976438427934748,6.0,0.4427083333333333,0.8117035069436455,HI-VAE_piecewise_diffusion
0.0059345513317645,0.9552556818181818,0.010709403117017536,0.6093343098958334,0.1359421731740157,6.0,0.4739583333333333,0.805706986909377,HI-VAE_piecewise_diffusion
0.005389199993057142,0.9602272727272727,0.007335087609256742,0.6171875,0.20850385275331998,6.0,0.4375,0.8156227919682226,HI-VAE_piecewise_diffusion
0.005861900876551542,0.9557291666666667,0.012638143628906405,0.6827596028645834,0.1311661877178604,5.0,0.4609375,0.8114419891187353,HI-VAE_piecewise_diffusion
0.006245668815473007,0.9569128787878789,0.01283706733303972,0.6245930989583334,0.1759301397400015,2.0,0.4609375,0.8165520054046852,HI-VAE_piecewise_diffusion
0.005933752838599401,0.9614109848484848,0.02130134211654329,0.6387939453125,0.09056300422241614,5.0,0.5026041666666666,0.820607581431198,HI-VAE_piecewise_diffusion
0.005207213221076174,0.9569128787878788,0.005211031398245927,0.6838582356770834,0.16773525091328997,6.0,0.5,0.7989664350847366,HI-VAE_piecewise_diffusion
0.005025132361377148,0.9614109848484849,0.02323748989087898,0.6615193684895834,0.14024692500438815,7.0,0.4609375,0.8007710133153683,HI-VAE_piecewise_diffusion
0.007200956531895728,0.9517045454545454,0.003712576987352109,0.65118408203125,0.13363795879421644,5.0,0.4348958333333333,0.8061948744471109,HI-VAE_piecewise_diffusion
0.00564592844993918,0.9602272727272726,0.005464756914272644,0.6956990559895834,0.13071088719573487,8.0,0.4869791666666667,0.8128651698816334,HI-VAE_piecewise_diffusion
0.005023268308374208,0.9661458333333335,0.00731124079079684,0.62530517578125,0.1626246270485001,6.0,0.4296875,0.8010743808317745,HI-VAE_piecewise_diffusion
0.005591712141679827,0.9580965909090909,0.011684027427065933,0.6577962239583334,0.14467675055319992,4.0,0.4661458333333333,0.8128400057403414,HI-VAE_piecewise_diffusion
0.005855823430040405,0.9599905303030304,0.005609477806380213,0.6513468424479166,0.09752711384006134,6.0,0.4635416666666667,0.8109181005561875,HI-VAE_piecewise_diffusion
0.006443622335848259,0.9543087121212122,0.005361394880095644,0.6305948893229166,0.08393801490940056,5.0,0.46875,0.824441707001727,HI-VAE_piecewise_diffusion
0.004470718567747758,0.9656723484848484,0.0040254088632497706,0.6327107747395834,0.1754845707341405,4.0,0.4765625,0.8154212364677729,HI-VAE_piecewise_diffusion
0.005563510744744554,0.9599905303030304,0.009259058460047051,0.6662394205729166,0.12513869987593082,6.0,0.515625,0.7988290008472326,HI-VAE_piecewise_diffusion
0.006094702064964707,0.9559659090909091,0.008765657536146991,0.68359375,0.1806185785090987,7.0,0.4895833333333333,0.8042352990078128,HI-VAE_piecewise_diffusion
0.00587278845138835,0.9585700757575758,0.008073515945265336,0.6502278645833334,0.13818691532996702,7.0,0.4895833333333333,0.8270548032856,HI-VAE_piecewise_diffusion
0.005893722292427223,0.9588068181818182,0.010185636195615516,0.608154296875,0.11885237847831742,7.0,0.4895833333333333,0.8191434929236302,HI-VAE_piecewise_diffusion
0.005392589394165068,0.9633049242424243,0.009148394395807143,0.6687215169270834,0.11829844226588393,8.0,0.4869791666666667,0.8167427811360066,HI-VAE_piecewise_diffusion
0.005735900273104188,0.9583333333333333,0.0068182138606169935,0.6931966145833334,0.17630883335124636,6.0,0.4427083333333333,0.8110728502844936,HI-VAE_piecewise_diffusion
0.005204413428487566,0.9611742424242423,0.006567343551080436,0.65460205078125,0.11207569027744385,4.0,0.4661458333333333,0.8189756650324445,HI-VAE_piecewise_diffusion
0.004730689958527154,0.9640151515151515,0.011173575509654265,0.64007568359375,0.15290032861761108,5.0,0.4583333333333333,0.8052781373384791,HI-VAE_piecewise_diffusion
0.005637799241665132,0.9604640151515152,0.014587002516677779,0.6541748046875,0.11997910793778647,7.0,0.4583333333333333,0.8027189414131134,HI-VAE_piecewise_diffusion
0.005489831740884746,0.9623579545454546,0.015387400825530955,0.6419677734375,0.112209894376908,5.0,0.515625,0.8205830896243342,HI-VAE_piecewise_diffusion
0.005875860964014179,0.9557291666666667,0.014127626706446792,0.68267822265625,0.125968731898221,7.0,0.4661458333333333,0.8171482446809115,HI-VAE_piecewise_diffusion
0.005875385010496905,0.9611742424242425,0.00503867821354994,0.662841796875,0.1750743369713228,9.0,0.4609375,0.7991269374926911,HI-VAE_piecewise_diffusion
0.007159213500164488,0.9531249999999999,0.016710398022777167,0.6422119140625,0.15132783956936277,8.0,0.4869791666666667,0.8050627085287609,HI-VAE_piecewise_diffusion
0.006010920672421358,0.9557291666666667,0.004804407924955559,0.6788736979166666,0.14262106944610042,5.0,0.4739583333333333,0.8220399967920434,HI-VAE_piecewise_diffusion
0.006285611525408957,0.9602272727272729,0.020310174507471464,0.6494344075520834,0.09475779400300825,8.0,0.46875,0.8134604343421893,HI-VAE_piecewise_diffusion
0.00512947564895869,0.9616477272727273,0.010999529683127778,0.6726277669270834,0.2030365982237883,3.0,0.4661458333333333,0.8069004706240108,HI-VAE_piecewise_diffusion
0.006185143591969633,0.9566761363636364,0.008187336475089103,0.6994222005208334,0.11851170318803461,5.0,0.4765625,0.8080365246224605,HI-VAE_piecewise_diffusion
0.005896420847839095,0.9559659090909091,0.010978854816212602,0.6558837890625,0.1761942637686271,7.0,0.4609375,0.8085040326017884,HI-VAE_piecewise_diffusion
0.006059083707774347,0.9583333333333333,0.004848037122275021,0.6570841471354166,0.1389076488854367,7.0,0.4947916666666667,0.8195383583279632,HI-VAE_piecewise_diffusion
0.005978530685430327,0.9576231060606062,0.009838092678512433,0.6639200846354166,0.14949186637147613,4.0,0.4869791666666667,0.8101549287279354,HI-VAE_piecewise_diffusion
0.005858450824577622,0.9550189393939394,0.011227048050638564,0.66265869140625,0.2105411162093572,5.0,0.4270833333333333,0.8066390762580662,HI-VAE_piecewise_diffusion
0.0057708111947055545,0.9571496212121211,0.020823777405959646,0.6658935546875,0.23228513620488744,6.0,0.4583333333333333,0.814845532411688,HI-VAE_piecewise_diffusion
0.0050942278226225185,0.9618844696969698,0.004574785346595796,0.6218058268229166,0.10258677379120014,8.0,0.4947916666666667,0.8112335843244927,HI-VAE_piecewise_diffusion
0.005405990031601052,0.9592803030303031,0.008690069978295951,0.6877848307291666,0.12615753347750921,6.0,0.4557291666666667,0.8121788238220541,HI-VAE_piecewise_diffusion
0.005036748076234176,0.9599905303030304,0.00506250649719667,0.6374104817708334,0.11357604463292031,5.0,0.4635416666666667,0.8151608276270632,HI-VAE_piecewise_diffusion
0.005373773574458522,0.9578598484848485,0.005556197810861383,0.64801025390625,0.15197608724412912,6.0,0.4427083333333333,0.794768134392215,HI-VAE_piecewise_diffusion
0.004983507738652532,0.9618844696969698,0.00623481491679882,0.680419921875,0.12706887094525238,5.0,0.4739583333333333,0.810253894865204,HI-VAE_piecewise_diffusion
0.005393462946955251,0.9604640151515151,0.009154738093884698,0.6905924479166666,0.1164731356313135,7.0,0.46875,0.8198751524554496,HI-VAE_piecewise_diffusion
0.005849422355131212,0.9562026515151515,0.004508502832840666,0.6669514973958334,0.17505220556521806,5.0,0.4401041666666667,0.8088829602878492,HI-VAE_piecewise_diffusion
0.007234149148630733,0.9524147727272727,0.026848827744670793,0.6710611979166666,0.17458776049351907,8.0,0.453125,0.8103971491178318,HI-VAE_piecewise_diffusion
0.005618235372106744,0.9562026515151515,0.006841384822647525,0.6521199544270834,0.11700711399811936,7.0,0.4947916666666667,0.8150584588910148,HI-VAE_piecewise_diffusion
0.006029336569971458,0.956439393939394,0.011252865356802887,0.6375528971354166,0.17609722108569137,3.0,0.4479166666666667,0.8119647966186788,HI-VAE_piecewise_diffusion
0.006189948557573748,0.9578598484848485,0.010801667291093095,0.6720987955729166,0.1253159922418751,6.0,0.421875,0.8160528869801201,HI-VAE_piecewise_diffusion
0.006321481663847752,0.9566761363636364,0.02266788634166358,0.6250406901041666,0.19203070420114007,4.0,0.453125,0.8162924916052366,HI-VAE_piecewise_diffusion
0.004550741721957088,0.9583333333333335,0.013168546462738694,0.6888224283854166,0.15754131055118217,6.0,0.4635416666666667,0.8004132266455701,HI-VAE_piecewise_diffusion
0.005466326869943494,0.9590435606060607,0.003422225281579043,0.64410400390625,0.10895304403772904,4.0,0.484375,0.8222383972632549,HI-VAE_piecewise_diffusion
0.005403174367844217,0.9649621212121212,0.0073460924118410225,0.6753946940104166,0.13402152122519292,5.0,0.4479166666666667,0.8160683694296341,HI-VAE_piecewise_diffusion
0.006645170507597235,0.9571496212121212,0.027895578419473058,0.6636759440104166,0.13968970967509076,7.0,0.4635416666666667,0.8121735488362246,HI-VAE_piecewise_diffusion
0.005341507824213739,0.9644886363636364,0.005743276745851173,0.6768391927083334,0.16984951948118976,4.0,0.4895833333333333,0.813313976932286,HI-VAE_piecewise_diffusion
0.004664240887152792,0.9611742424242425,0.005483194082569744,0.6571044921875,0.1437396711374779,9.0,0.4583333333333333,0.8201692183555657,HI-VAE_piecewise_diffusion
0.0062931757644116675,0.9528882575757577,0.018814851643112675,0.6485799153645834,0.15720659082711613,7.0,0.4505208333333333,0.8222717916724689,HI-VAE_piecewise_diffusion
0.005849992749731394,0.9580965909090909,0.0060710660551975704,0.6476643880208334,0.1461026405020804,5.0,0.484375,0.8067986740499332,HI-VAE_piecewise_diffusion
0.0062130731055382755,0.9559659090909091,0.007102274787664499,0.6512858072916666,0.12961183999591983,9.0,0.5104166666666666,0.8136934652961748,HI-VAE_piecewise_diffusion
0.0049561650850502795,0.9611742424242423,0.010510732791755125,0.6534016927083334,0.17385798057976307,6.0,0.5078125,0.8150504018160879,HI-VAE_piecewise_diffusion
0.0066639139060158175,0.9533617424242423,0.006765904502788119,0.6888834635416666,0.15936396327552646,6.0,0.4375,0.8158378100774891,HI-VAE_piecewise_diffusion
0.006436888694476678,0.9566761363636364,0.009072937120974811,0.62969970703125,0.15794682547079908,8.0,0.4635416666666667,0.806061585530957,HI-VAE_piecewise_diffusion
0.005865633892592953,0.9583333333333333,0.011085675904555335,0.6357625325520834,0.13008807290033386,5.0,0.4895833333333333,0.8067691388723771,HI-VAE_piecewise_diffusion
0.00616789461882655,0.9547821969696969,0.013724729912271288,0.68719482421875,0.20670984099562836,9.0,0.4947916666666667,0.7981290820688179,HI-VAE_piecewise_diffusion
0.004840458444441382,0.9647253787878788,0.00991823762809454,0.6318155924479166,0.11744390875261985,9.0,0.4270833333333333,0.7986858781918827,HI-VAE_piecewise_diffusion
0.004881640289216869,0.9602272727272727,0.0073048925608176765,0.6695963541666666,0.10175159438317723,3.0,0.4583333333333333,0.8095290537448386,HI-VAE_piecewise_diffusion
0.0069873096766523805,0.9533617424242425,0.014847145378487189,0.6491495768229166,0.10796991156700793,5.0,0.4765625,0.8109724433778279,HI-VAE_piecewise_diffusion
0.006399650976070568,0.9590435606060606,0.0056306476909496386,0.67059326171875,0.19115451519503965,6.0,0.4296875,0.8105543454417126,HI-VAE_piecewise_diffusion
0.004430161629225002,0.9640151515151515,0.008476985490496186,0.6437581380208334,0.12334617108282252,9.0,0.484375,0.8182053209119278,HI-VAE_piecewise_diffusion
0.006206141367094251,0.9559659090909091,0.0036365432693515752,0.694091796875,0.16822821854864847,10.0,0.4375,0.8172075923846933,HI-VAE_piecewise_diffusion
0.00615629209272145,0.959753787878788,0.004255497820431797,0.6790364583333334,0.14440836736613707,7.0,0.4505208333333333,0.8174622194113254,HI-VAE_piecewise_diffusion
0.005204990216407143,0.9592803030303031,0.018236141071009702,0.6745808919270834,0.1554543835476053,4.0,0.4427083333333333,0.8089437770856701,HI-VAE_piecewise_diffusion
0.004370759308061836,0.9663825757575758,0.010275929305160325,0.6499226888020834,0.109573035497798,8.0,0.4427083333333333,0.8289057396366432,HI-VAE_piecewise_diffusion
0.00578128007986049,0.9604640151515152,0.012066421254258327,0.6565144856770834,0.12028270737177703,4.0,0.4661458333333333,0.8161311248222929,HI-VAE_piecewise_diffusion
0.0066727947030637965,0.9557291666666667,0.02127886578502449,0.6719767252604166,0.14177882776786307,6.0,0.4661458333333333,0.8083618793429419,HI-VAE_piecewise_diffusion
0.006276654480811194,0.9514678030303029,0.0064261262623425824,0.6767171223958334,0.09707541502114143,3.0,0.453125,0.8237829498496165,HI-VAE_piecewise_diffusion
0.005400297221930081,0.9583333333333333,0.005561271341739598,0.7002766927083334,0.12411300223164368,9.0,0.4583333333333333,0.808902939143868,HI-VAE_piecewise_diffusion
0.0058206691262619355,0.9614109848484848,0.010085512998583625,0.6727294921875,0.17974779882472477,9.0,0.4661458333333333,0.8091846566334159,HI-VAE_piecewise_diffusion
0.005439382844917551,0.9590435606060606,0.011075486537184464,0.66278076171875,0.1686869478928151,7.0,0.4557291666666667,0.8117870551932778,HI-VAE_piecewise_diffusion
0.006578891187375232,0.9540719696969698,0.012017402059057979,0.6646525065104166,0.21207758223665465,7.0,0.4583333333333333,0.8189499461439458,HI-VAE_piecewise_diffusion
0.006386353527374406,0.9554924242424242,0.01270566331195941,0.67193603515625,0.16521618098375504,4.0,0.4427083333333333,0.8036564324488901,HI-VAE_piecewise_diffusion
0.0061223519660974215,0.9607007575757577,0.009141728578249906,0.64739990234375,0.08724966795793461,6.0,0.4791666666666667,0.8122545970267495,HI-VAE_piecewise_diffusion
0.005792951066392599,0.9590435606060606,0.006190358960641172,0.65814208984375,0.13993988907022112,5.0,0.4583333333333333,0.8227849606377303,HI-VAE_piecewise_diffusion
0.006962236493253942,0.9538352272727273,0.0057562843900866405,0.67572021484375,0.11746358668146283,8.0,0.4401041666666667,0.8033797337798635,HI-VAE_piecewise_diffusion
0.005081588919852827,0.9611742424242423,0.007850560779215263,0.6769002278645834,0.14333207284497115,4.0,0.4635416666666667,0.8117126126190952,HI-VAE_piecewise_diffusion
0.006058705555263098,0.9550189393939394,0.01931729656065469,0.6392008463541666,0.11630751059678035,2.0,0.5026041666666666,0.8084810827662706,HI-VAE_piecewise_diffusion
0.006317205746490314,0.9547821969696969,0.030035066496338417,0.6686604817708334,0.14179232060356176,7.0,0.4453125,0.8241231811422149,HI-VAE_piecewise_diffusion
0.007193074537309396,0.953125,0.021182644061253388,0.6351114908854166,0.13600476451278495,6.0,0.4609375,0.8216696245027885,HI-VAE_piecewise_diffusion
0.005841561731758041,0.9602272727272727,0.0081635789150878,0.6847127278645834,0.14818961955196303,3.0,0.4453125,0.8204572900065898,HI-VAE_piecewise_diffusion
0.004849426606355452,0.9625946969696969,0.014942909184985911,0.6578572591145834,0.14693269771671932,6.0,0.4817708333333333,0.8178761176154941,HI-VAE_piecewise_diffusion
0.006387319071396961,0.9547821969696969,0.009205444442561045,0.669189453125,0.16537209381187526,7.0,0.4114583333333333,0.8262931905086425,HI-VAE_piecewise_diffusion
0.006258056196146875,0.9578598484848485,0.008651647680535269,0.7092692057291666,0.13826260689491243,5.0,0.46875,0.8208593918354823,HI-VAE_piecewise_diffusion
0.006699907201982286,0.9472064393939393,0.017112349447973574,0.6898396809895834,0.1015145218264452,4.0,0.4635416666666667,0.8057423777646723,HI-VAE_piecewise_diffusion
0.006331233097460514,0.9557291666666665,0.010963692072025315,0.6714070638020834,0.2182792157665193,6.0,0.4869791666666667,0.8054029913547112,HI-VAE_piecewise_diffusion
0.005255716637147306,0.9595170454545454,0.007994209586808366,0.659912109375,0.18011879128998395,3.0,0.4609375,0.8087667149173723,HI-VAE_piecewise_diffusion
0.0054695558576419445,0.9635416666666667,0.014121332916796825,0.65460205078125,0.15274468930691656,6.0,0.4817708333333333,0.8067510689898817,HI-VAE_piecewise_diffusion
0.006265226549710323,0.957623106060606,0.008461655218887709,0.6205647786458334,0.1854997996714823,7.0,0.46875,0.8098274723329237,HI-VAE_piecewise_diffusion
0.006461591039173518,0.9545454545454546,0.015540460890065855,0.63092041015625,0.13943710294954348,6.0,0.4401041666666667,0.80721851802114,HI-VAE_piecewise_diffusion
0.00539825599910529,0.9571496212121211,0.003988227722452852,0.6424357096354166,0.20549328793286703,4.0,0.4479166666666667,0.8087853450822928,HI-VAE_piecewise_diffusion
0.005585191994754682,0.9611742424242423,0.008471646463096524,0.66888427734375,0.10473885812254319,8.0,0.515625,0.8147697545792945,HI-VAE_piecewise_diffusion
0.005474926026167872,0.9628314393939393,0.007428199590555893,0.6346638997395834,0.12133805223267553,9.0,0.4947916666666667,0.8072945038147924,HI-VAE_piecewise_diffusion
0.005588313383902976,0.9566761363636364,0.02376831763264399,0.71051025390625,0.2589553601849864,5.0,0.4661458333333333,0.811989307215434,HI-VAE_piecewise_diffusion
0.005414111973447441,0.9592803030303029,0.02235151033267524,0.66668701171875,0.15539728862972296,8.0,0.4479166666666667,0.8074989145445227,HI-VAE_piecewise_diffusion
0.00451589337027428,0.9625946969696969,0.005526229628368551,0.6437174479166666,0.1853922603613034,4.0,0.4635416666666667,0.8194076085455999,HI-VAE_piecewise_diffusion
0.00641118788756502,0.9519412878787878,0.006940402373401707,0.6763916015625,0.11784277186025494,7.0,0.4479166666666667,0.8141831468350897,HI-VAE_piecewise_diffusion
0.0059672126897747785,0.956439393939394,0.002833720151903726,0.66534423828125,0.11187816439971145,4.0,0.5052083333333334,0.8148359598449163,HI-VAE_piecewise_diffusion
0.005616280018667236,0.9569128787878788,0.010805471127314788,0.6892496744791666,0.1733572735332387,5.0,0.4427083333333333,0.8084151797389196,HI-VAE_piecewise_diffusion
0.005585565813699899,0.9597537878787878,0.0043982603404066215,0.6949666341145834,0.19856531463877122,7.0,0.4557291666666667,0.8149422538171949,HI-VAE_piecewise_diffusion
0.00597638114944219,0.9595170454545454,0.007384211476230299,0.6848347981770834,0.1291018879508229,3.0,0.4765625,0.8083941144655189,HI-VAE_piecewise_diffusion
0.0076755666078351156,0.9502840909090909,0.037648881287645194,0.6351521809895834,0.1573300260486181,5.0,0.453125,0.8172728124282369,HI-VAE_piecewise_diffusion
0.006298458996892111,0.9554924242424242,0.01866379999842158,0.6459147135416666,0.13340779302325692,7.0,0.4479166666666667,0.8118943739943514,HI-VAE_piecewise_diffusion
0.006216010591822713,0.9607007575757577,0.0071906793213680886,0.6871337890625,0.09992671626353948,7.0,0.4661458333333333,0.8085198357089622,HI-VAE_piecewise_diffusion
0.005621904297082705,0.9611742424242423,0.008457400889963322,0.63818359375,0.11196528691848218,5.0,0.4375,0.8193252532720816,HI-VAE_piecewise_diffusion
0.006044749301276734,0.9535984848484849,0.008109851935985589,0.6487833658854166,0.2068488418289792,7.0,0.4713541666666667,0.8157498925401684,HI-VAE_piecewise_diffusion
0.007054026815615269,0.9514678030303031,0.003422677207833722,0.6673380533854166,0.09970777350716886,7.0,0.4375,0.8113289698540095,HI-VAE_piecewise_diffusion
0.004879726202189968,0.962121212121212,0.021741127405836586,0.6798502604166666,0.11492711286218533,5.0,0.4557291666666667,0.8132783140622117,HI-VAE_piecewise_diffusion
0.006382110550342542,0.9521780303030304,0.01417374171415768,0.6632486979166666,0.09620256114975116,5.0,0.4557291666666667,0.8083949911932966,HI-VAE_piecewise_diffusion
0.004887209802038651,0.9611742424242425,0.007632309091020593,0.6693929036458334,0.11384993013056473,8.0,0.4296875,0.8065991693493639,HI-VAE_piecewise_diffusion
0.006547555891892994,0.9483901515151516,0.014318123452199592,0.6776529947916666,0.11703864660570844,9.0,0.4427083333333333,0.8201228986095888,HI-VAE_piecewise_diffusion
0.005893882558842507,0.9540719696969698,0.004526703364795371,0.6708170572916666,0.2025213216207161,6.0,0.4765625,0.8160532141445058,HI-VAE_piecewise_diffusion
0.0058561856467463005,0.9573863636363636,0.020206590793869387,0.73681640625,0.13645837232728034,8.0,0.4401041666666667,0.8213646735310026,HI-VAE_piecewise_diffusion
0.00520933384402801,0.9651988636363636,0.007633370145216705,0.6417032877604166,0.12202544000145403,5.0,0.46875,0.8144555702521679,HI-VAE_piecewise_diffusion
0.007019981448143282,0.9521780303030304,0.009103142359308806,0.6845296223958334,0.1668046624690608,5.0,0.4375,0.8111005788856666,HI-VAE_piecewise_diffusion
0.006272511541345603,0.955965909090909,0.008439706099130693,0.71856689453125,0.17961114880832704,7.0,0.421875,0.7952136716939255,HI-VAE_piecewise_diffusion
0.006781267228610524,0.9502840909090909,0.015734084888637406,0.6605631510416666,0.2351304191968505,2.0,0.4375,0.8039280190153185,HI-VAE_piecewise_diffusion
0.006436509680676494,0.9573863636363636,0.023259909087141015,0.61859130859375,0.20762906994283228,5.0,0.4427083333333333,0.8166607968789603,HI-VAE_piecewise_diffusion
0.006694832188229151,0.9545454545454547,0.009839615379803969,0.653564453125,0.15136662720106328,5.0,0.4921875,0.8124921969640175,HI-VAE_piecewise_diffusion
0.005342005858846453,0.9583333333333333,0.0071718669020494384,0.6341552734375,0.1175692694903096,9.0,0.46875,0.8169876120057169,HI-VAE_piecewise_diffusion
0.00583118627490462,0.9595170454545454,0.019572973484895714,0.675537109375,0.12520523239954914,5.0,0.5078125,0.8098907227190406,HI-VAE_piecewise_diffusion
0.0076662767616904985,0.9474431818181818,0.014326096393208736,0.6871541341145834,0.11336207967384354,3.0,0.4427083333333333,0.8312284955918721,HI-VAE_piecewise_diffusion
0.005429071313356151,0.9621212121212122,0.005521546841959302,0.6771443684895834,0.19458707788733212,5.0,0.4375,0.802296405825818,HI-VAE_piecewise_diffusion
0.006385574985874503,0.9509943181818182,0.009843161250335231,0.7231038411458334,0.11343953668355922,6.0,0.4296875,0.8043823789480878,HI-VAE_piecewise_diffusion
0.0066872153098145905,0.9547821969696971,0.021060867577211168,0.6433512369791666,0.1327433274508561,9.0,0.5052083333333334,0.8131773998739984,HI-VAE_piecewise_diffusion
0.006159351372361227,0.9573863636363638,0.010234682381787862,0.6715901692708334,0.15628261052421374,4.0,0.4427083333333333,0.82268527821838,HI-VAE_piecewise_diffusion
0.0054956459719591195,0.9618844696969696,0.016746062319928073,0.6318155924479166,0.19339390794333133,8.0,0.484375,0.8093819201830474,HI-VAE_piecewise_diffusion
0.0070716105763813045,0.9521780303030304,0.01564047274465984,0.6377360026041666,0.12281994543917552,4.0,0.4973958333333333,0.801972780136645,HI-VAE_piecewise_diffusion
0.0050673359998597315,0.9573863636363636,0.016375264379290537,0.678955078125,0.12116698924356668,7.0,0.4661458333333333,0.8161648823803699,HI-VAE_piecewise_diffusion
0.005426111337606547,0.9590435606060607,0.0028019286035493828,0.6783447265625,0.08479382586643573,6.0,0.484375,0.7994561618970675,HI-VAE_piecewise_diffusion
0.0060224380191010955,0.9550189393939393,0.00894203092206387,0.6865234375,0.18950927339970225,3.0,0.4713541666666667,0.8060076772870465,HI-VAE_piecewise_diffusion
0.006725222440236348,0.9559659090909091,0.017504230948576643,0.6485392252604166,0.09213714330414298,5.0,0.4505208333333333,0.8001823225018013,HI-VAE_piecewise_diffusion
0.005422896121767532,0.9625946969696969,0.00546820659425543,0.65289306640625,0.25873000197446866,9.0,0.4375,0.8079905900755324,HI-VAE_piecewise_diffusion
0.005623393657243825,0.9599905303030302,0.007616844116185359,0.6567281087239584,0.16764557068030714,8.0,0.4583333333333333,0.7981352034881591,HI-VAE_piecewise_diffusion
0.0058639722106480635,0.9547821969696969,0.015650789865454397,0.6849568684895834,0.13793409365995948,7.0,0.4661458333333333,0.8221921085498571,HI-VAE_piecewise_diffusion
0.005408840119163949,0.9576231060606062,0.006253494618291889,0.6939493815104166,0.202117077623051,8.0,0.4765625,0.8169747724483379,HI-VAE_piecewise_diffusion
0.005041082736876825,0.9599905303030302,0.005953514635199827,0.6482340494791666,0.15977871475196773,6.0,0.4791666666666667,0.8014672039472541,HI-VAE_piecewise_diffusion
0.005868697481452046,0.9545454545454546,0.005573442798033603,0.6739095052083334,0.0948414478705983,4.0,0.4973958333333333,0.8073455919850238,HI-VAE_piecewise_diffusion
0.006054768905525978,0.9569128787878788,0.007449677579972205,0.6762898763020834,0.13961604604775132,7.0,0.4635416666666667,0.8043999840043206,HI-VAE_piecewise_diffusion
0.005451221906496796,0.9562026515151515,0.006385945740640853,0.6577555338541666,0.21782277218397797,6.0,0.46875,0.8106158368927534,HI-VAE_piecewise_diffusion
0.006066769353106916,0.9588068181818182,0.008157823360614349,0.6833902994791666,0.2171544164450068,5.0,0.4635416666666667,0.8109747508489995,HI-VAE_piecewise_diffusion
0.006056335555381775,0.9573863636363634,0.019421445466447147,0.6971435546875,0.11395657230431637,5.0,0.4609375,0.8087635417434893,HI-VAE_piecewise_diffusion
0.005732926776440531,0.9604640151515152,0.007782785613549291,0.6302083333333334,0.12005490156432475,10.0,0.4296875,0.8076445132554686,HI-VAE_piecewise_diffusion
0.006241066024821815,0.9571496212121211,0.011886209878000088,0.6902058919270834,0.21294833601490956,4.0,0.4869791666666667,0.8049401816370072,HI-VAE_piecewise_diffusion
0.006329716828550647,0.956439393939394,0.010660828593753639,0.6874796549479166,0.10559008397261095,2.0,0.4739583333333333,0.8260038208111532,HI-VAE_piecewise_diffusion
0.005880626221631929,0.9571496212121212,0.011369194816718293,0.6820271809895834,0.1675648359522368,5.0,0.4583333333333333,0.8101649128314494,HI-VAE_piecewise_diffusion
0.006224631982245365,0.9524147727272727,0.006171366823812249,0.6851399739583334,0.17189573537819033,8.0,0.4479166666666667,0.8184114662886534,HI-VAE_piecewise_diffusion
0.006893923421917892,0.9562026515151515,0.006371606908263325,0.62921142578125,0.08458285065661271,9.0,0.4583333333333333,0.8055667332417631,HI-VAE_piecewise_diffusion
0.005922092770567771,0.9602272727272727,0.009471575517981496,0.6444295247395834,0.0900434334784501,7.0,0.4765625,0.8122897646914707,HI-VAE_piecewise_diffusion
0.004345198772156253,0.9616477272727273,0.009857520698430976,0.6634724934895834,0.15414737634016393,8.0,0.4765625,0.8029563701169142,HI-VAE_piecewise_diffusion
0.006088580456886824,0.9552556818181818,0.02365719750818659,0.6578165690104166,0.14099615652659506,8.0,0.4713541666666667,0.8136612187664803,HI-VAE_piecewise_diffusion
0.006355936002148551,0.9588068181818182,0.007775049990450454,0.7054239908854166,0.1924512143316777,6.0,0.4661458333333333,0.8126399711101584,HI-VAE_piecewise_diffusion
0.005563594951849987,0.9618844696969696,0.009797544000090197,0.64544677734375,0.1782198188064338,8.0,0.46875,0.8035624645416366,HI-VAE_piecewise_diffusion
0.0056636320520914996,0.9576231060606062,0.019415917469086455,0.6507161458333334,0.17390576411175704,5.0,0.4661458333333333,0.8275540302470303,HI-VAE_piecewise_diffusion
0.005539546523680522,0.9616477272727273,0.01720725182693149,0.6012166341145834,0.13378348372609322,6.0,0.4479166666666667,0.7972705492379679,HI-VAE_piecewise_diffusion
0.004859994276342583,0.9649621212121212,0.010444017038094448,0.6636759440104166,0.18004158003103157,8.0,0.4453125,0.8229670082530779,HI-VAE_piecewise_diffusion
0.0058356415605807154,0.9578598484848484,0.006766676765680936,0.6842854817708334,0.1854997615788512,7.0,0.4505208333333333,0.8021878339953498,HI-VAE_piecewise_diffusion
0.005914448573652187,0.9571496212121211,0.00475199037329265,0.63922119140625,0.10872786754711046,6.0,0.5052083333333334,0.8120438949139965,HI-VAE_piecewise_diffusion
0.005723427310333648,0.956439393939394,0.015538098720776638,0.6816609700520834,0.1872595017725022,6.0,0.46875,0.7964792102135418,HI-VAE_piecewise_diffusion
0.005852589455672242,0.956439393939394,0.016724986989274476,0.6754964192708334,0.16110142231210167,7.0,0.4635416666666667,0.8159491842900947,HI-VAE_piecewise_diffusion
0.006558639742268358,0.9507575757575757,0.01354427248116694,0.6779378255208334,0.17939070466212184,3.0,0.4583333333333333,0.8036206097277915,HI-VAE_piecewise_diffusion
0.0067995099972473355,0.9505208333333333,0.007186563256680791,0.6958211263020834,0.11619573451937852,5.0,0.4739583333333333,0.8192173452076237,HI-VAE_piecewise_diffusion
0.005978100629332389,0.9573863636363636,0.01688966725821856,0.6883951822916666,0.15058778976551365,8.0,0.5,0.8084619764213608,HI-VAE_piecewise_diffusion
0.004625284736793806,0.9625946969696969,0.010374883218404558,0.6460978190104166,0.11465347887144073,6.0,0.4557291666666667,0.819593545817219,HI-VAE_piecewise_diffusion
0.0052453229424748275,0.9621212121212122,0.013617954862954718,0.65948486328125,0.11351442875613336,9.0,0.453125,0.8015531338075078,HI-VAE_piecewise_diffusion
0.005452968098106561,0.9602272727272727,0.0058355023100859545,0.63238525390625,0.1544036796069628,7.0,0.4765625,0.8054506443720285,HI-VAE_piecewise_diffusion
0.00582042464475451,0.9585700757575758,0.01455939587103042,0.6565144856770834,0.1310685590358803,7.0,0.4401041666666667,0.8185867273632659,HI-VAE_piecewise_diffusion
0.006244984002489279,0.9526515151515151,0.013775199956908284,0.7017415364583334,0.13413697577265743,3.0,0.4192708333333333,0.8207996067576203,HI-VAE_piecewise_diffusion
0.006176722947260199,0.9543087121212122,0.006966187734037028,0.6427001953125,0.11490035396533442,3.0,0.4453125,0.8083140038047978,HI-VAE_piecewise_diffusion
0.006391266610002621,0.9566761363636366,0.007201895758936089,0.6280314127604166,0.10644127952587855,5.0,0.4869791666666667,0.8080021588960365,HI-VAE_piecewise_diffusion
0.006557208942250187,0.9545454545454544,0.02410062456039638,0.6441853841145834,0.24622260699203466,6.0,0.4713541666666667,0.8150704227145389,HI-VAE_piecewise_diffusion
0.006221645679071763,0.9545454545454546,0.012239857602736022,0.6281331380208334,0.16015709008214174,8.0,0.4739583333333333,0.8131732946760022,HI-VAE_piecewise_diffusion
0.005948022114526662,0.9566761363636364,0.007343286183747541,0.6982625325520834,0.1327106578707552,6.0,0.4166666666666667,0.8185482007393489,HI-VAE_piecewise_diffusion
0.006187440253356018,0.9550189393939394,0.011344833390405597,0.6394246419270834,0.20633539400025355,4.0,0.453125,0.8059383576517883,HI-VAE_piecewise_diffusion
0.005581585036618572,0.9557291666666667,0.015140249186240738,0.65985107421875,0.102334073993035,9.0,0.4609375,0.8154441712279735,HI-VAE_piecewise_diffusion
0.006593594236266,0.9590435606060606,0.00635019703831311,0.6517537434895834,0.15700510004076304,5.0,0.4713541666666667,0.8103039103677973,HI-VAE_piecewise_diffusion
0.005465772947821772,0.9554924242424242,0.013056507658646705,0.6492919921875,0.1804649133476798,4.0,0.4895833333333333,0.8103934287052392,HI-VAE_piecewise_diffusion
0.005242146577698889,0.9578598484848485,0.009920250611837779,0.64813232421875,0.12549908020488743,5.0,0.453125,0.8223308003575729,HI-VAE_piecewise_diffusion
