2.0370617333998196,1.2981966494383614,0.7963346535833425,-0.8698430143265448,-1.3417529735951719,-0.5697970820182483,1.0,0.0,1.0,0.0,0.0,0.0,7.112636986462801,1
0.9996532989100076,-0.392340997799614,0.029884417690613327,1.2546239372393722,-0.12018329807721333,0.5971079193304112,1.0,1.0,0.0,0.0,0.0,0.0,4.260917597755203,1
0.3175750001362768,-0.9510887750440984,0.2824966629501743,1.022481104122306,-0.6541330050064299,-2.233458386961212,0.0,0.0,0.0,0.0,1.0,1.0,1.147505266082455,1
1.1217656009047783,0.22334870820629626,0.3470225704500088,-0.37687100236410204,-0.18683331623727642,-0.6043142052732018,1.0,1.0,0.0,0.0,1.0,1.0,1.2408077205214254,1
0.2023348902941995,1.7951880749438904,0.35641755111583706,0.3723370604079976,-1.0862316705773192,-0.35802105984053567,0.0,1.0,0.0,1.0,0.0,0.0,0.295702316540568,1
1.1887002277325749,1.5040948481649692,0.38456716958607595,0.09366919846582794,-0.3836462517599213,0.6652538897492679,1.0,0.0,0.0,1.0,0.0,1.0,0.5668178640578606,1
-1.0945845255718691,-0.27719069284053033,-0.06845367244491717,0.5409275978052324,-1.1794879391059168,0.17132287222758888,0.0,0.0,0.0,0.0,0.0,0.0,0.4047853787801619,1
-0.365880994132554,0.5436278915185742,0.19822646577899078,0.6693168952512363,0.878907028705679,-0.17024076771940358,0.0,0.0,1.0,1.0,1.0,1.0,0.9305506887863642,1
-0.6988866025634581,-1.5143674464653476,-1.1645244234301542,-0.9869003955133755,-0.877802306226602,-1.578590831449722,0.0,0.0,0.0,0.0,1.0,0.0,0.6452138511035449,1
0.7574130149423984,0.40545439488583224,0.6125056982802038,0.7152879026884786,-0.10542197697335956,-1.0697849930967347,0.0,0.0,0.0,0.0,1.0,0.0,1.3062450928287517,1
0.839224428574012,-0.22996098326886083,-0.2619072499842294,0.05981851973977402,1.1443179073766288,0.5320841571743897,1.0,0.0,1.0,0.0,0.0,0.0,0.43685592608396195,1
-0.3207062358594163,0.1835009088902326,-1.0615968825386959,0.04052508111818002,-0.1508178028248556,-0.5133963240603987,0.0,1.0,0.0,1.0,1.0,0.0,0.2630526413539634,1
1.340056722649392,0.35305916174685503,-1.410176243604506,0.1122911097518012,1.0608150988504605,-0.4765506453697936,1.0,1.0,1.0,0.0,0.0,0.0,1.1379509742752203,1
0.45818480445146803,1.0433671171364793,1.9125956139543856,0.26870054511638397,0.42334323753204234,0.9717349682833253,1.0,1.0,1.0,1.0,1.0,0.0,0.9290869509512031,1
0.21347532775194422,-0.7870402013532962,-0.13508037388450173,-0.3807581239602359,0.5915161783504801,0.9963649339596875,0.0,1.0,1.0,0.0,1.0,1.0,0.9654014085049142,1
-0.19807725162328585,0.9725275692353467,-0.9511566770848061,-0.17804774030416007,0.1304204509012064,-0.3483034921592958,0.0,0.0,0.0,0.0,0.0,1.0,0.47190007427444103,1
-0.01012529468116219,1.2250630199004948,0.27855361976545706,0.1884955805749239,0.1821308530373,-0.5542275614229488,1.0,0.0,0.0,1.0,1.0,0.0,0.6886799456576307,1
1.8077247798348965,0.1304220547210614,0.43503252134303877,-0.17060457005909657,0.23832239223472576,1.4250238111801,1.0,1.0,0.0,0.0,1.0,1.0,1.4130872394035607,1
0.11693347692340197,-1.6662384251735467,-1.537375777589213,-0.40858103427911857,0.8465803029382843,0.7592951965355879,1.0,1.0,1.0,1.0,1.0,1.0,0.9905250842186089,1
-0.415855223604156,-0.5014569575063602,-0.6685062493949155,-0.8055525619997521,-0.8213293008985306,-0.8182856375055667,0.0,0.0,0.0,0.0,0.0,0.0,0.6527891507814825,1
0.9611969691281349,2.192294840666369,0.8623970935965939,0.25384644319061217,0.8339358344412809,-0.682145284963924,1.0,1.0,1.0,1.0,1.0,0.0,0.7099192133240119,1
0.00705008120198793,-1.3312607247017059,-0.6396140365399894,0.027328883695365482,-0.8212858707796339,-1.1820812961350657,0.0,0.0,1.0,1.0,1.0,1.0,2.48952513220139,1
0.9973160900553392,1.4191472813417978,-0.6642909822273733,-0.3676271311113723,1.3264736341245629,1.6660874694180832,1.0,1.0,1.0,1.0,1.0,1.0,1.1130558839696199,1
-0.14292336606637265,-0.39345264106308075,-0.904879337450321,0.22922501776644286,-0.7084433407887257,-0.9412577448477688,0.0,0.0,0.0,1.0,0.0,0.0,0.27942278292164724,1
-1.0051752073214304,-1.5923912782840712,-1.542386325551034,-1.3972657863461055,-1.0269481376485718,-0.385050124128174,1.0,0.0,0.0,0.0,0.0,1.0,0.4672788927084023,1
1.5281763194751692,2.2127070719905513,2.283176679442851,0.014926517642749335,0.4811348817859203,0.49558843628799576,0.0,0.0,0.0,1.0,1.0,1.0,1.0888935930224573,1
-0.35479243580550707,-1.3512636646199323,0.09196640878408313,0.02838391735860554,1.3498548738733944,-0.7902557959859565,1.0,0.0,1.0,1.0,1.0,1.0,3.928232360383687,0
0.9398309067874343,0.1415256456585716,-0.678965561877406,-0.14672328677787222,0.20147387556219046,0.08213921038829768,0.0,0.0,0.0,0.0,0.0,1.0,1.0737751622122638,1
0.5617549056294523,-0.349848588609264,0.8998074478656891,0.7458407808075158,1.2974836536241205,-0.010716132934404505,1.0,0.0,0.0,0.0,1.0,0.0,5.660837714757094,1
-0.07807674386882289,-1.2101803075979247,-0.13688347091187023,0.15380124304369366,-1.0402750220508055,-1.5134027421637772,0.0,0.0,0.0,0.0,0.0,0.0,1.539358758312766,0
-0.506665190290341,-0.8923412958547463,0.32376572637017303,1.3945591350217468,-0.40663069427913257,-0.7978325835452557,1.0,1.0,1.0,1.0,1.0,1.0,1.0835373670765338,1
-0.40422084114055495,0.3029531683131343,-0.5424346136545602,1.5659395935925382,0.8129513644150916,2.0701185048049533,0.0,0.0,1.0,1.0,1.0,1.0,0.43428698442681135,1
-0.5119153076872335,-1.7498615421466939,-1.1454761314020632,-0.32179057202449524,0.44462732975109165,3.0385299123374807,1.0,1.0,1.0,0.0,0.0,1.0,0.913299674793253,1
-1.3387602637058549,-1.8846883371736367,-0.5339527760880866,1.0836489368492852,0.9940693142234336,-0.8916721861087369,0.0,0.0,0.0,0.0,0.0,1.0,1.2477145256663056,1
-1.3490815157948997,-0.888277115659289,0.9415710516910692,1.1567577765286214,0.8452507421750824,-0.3798789885200604,1.0,0.0,1.0,0.0,0.0,1.0,3.139330082185705,0
2.1122758161581245,1.4929084622202384,1.4143653821932607,0.8528366716410059,-0.3021177721538168,-0.19749060886925307,0.0,1.0,0.0,0.0,0.0,0.0,1.0475477576216368,1
-0.9879991844492064,-0.39066096339338585,-0.9603873472120076,-0.18134223067098137,-0.741451183616707,-0.6072199940289933,1.0,0.0,0.0,0.0,0.0,0.0,1.1068362496475743,1
-0.7273553166441434,-1.0617935232917408,0.2926823019433008,1.4445210554050822,-1.1155664765544904,-0.05441951757826386,1.0,0.0,1.0,1.0,1.0,1.0,1.7506658263738628,1
0.07700342675291112,0.7340989218074973,0.4372205428636456,-0.09385488661632256,-0.8879726599561486,0.07014137009578739,1.0,0.0,0.0,0.0,0.0,0.0,1.542788908098058,1
-0.21851073140193752,-0.1734323227442318,-0.07570649768520121,-1.3162786598328886,-1.6831618279998704,-0.12113868362380167,1.0,1.0,0.0,0.0,0.0,0.0,0.6643746120139453,1
1.159776231473506,-0.6720934706077597,0.4986056544936067,-0.8066855709698013,0.2283407225673621,-0.641357308404071,0.0,1.0,1.0,1.0,1.0,1.0,1.3334887268164008,0
-1.6215023450386503,-1.2908956080916183,-1.3217320817397111,-1.0222214517244521,-0.23430649484969343,1.3332830532069049,1.0,1.0,1.0,1.0,0.0,1.0,1.2702096764472228,1
-1.0343211677539945,-0.3078718116113681,-0.8063584171194523,0.02472160639481031,0.12834469535051277,1.076729264277204,1.0,1.0,1.0,1.0,1.0,1.0,1.0581125672044962,1
0.17434186526777265,0.1763095865256743,0.21813359292766019,-0.583122229410333,-2.2222388619614297,-0.2880586713794925,0.0,0.0,0.0,0.0,0.0,0.0,0.16368755043646022,1
-0.8437160592623111,-1.0113308097033278,-0.1604532215923506,-1.134792945567215,-0.039455108514939316,1.3738106708922042,0.0,1.0,1.0,1.0,1.0,1.0,1.0264265060367317,1
-0.8873045934192622,0.12312361072079152,0.009850630832715233,0.02929980045061975,0.18125639168927002,-1.1906954360197035,0.0,0.0,0.0,1.0,1.0,1.0,0.7491600014280964,0
0.7601280050596146,2.2021072166136646,1.3562355553680339,1.3278885467470352,0.3812316318154229,0.9195045800375307,0.0,0.0,1.0,1.0,1.0,1.0,0.921913560936059,1
0.44529267431779546,1.1165869194490898,1.229340362218682,2.3236808393821957,1.1898798889905442,0.1707377478687245,1.0,1.0,1.0,0.0,1.0,0.0,1.965989586146365,1
2.605491674229822,0.09243741798575991,0.7124693400751485,-0.04195839328698938,0.5112946570160055,0.11055974540754711,0.0,0.0,0.0,0.0,0.0,0.0,1.5173695217366412,1
0.5750800917278402,-0.6716265121283075,-1.1395619333160498,-1.250680580737162,-0.33723323806261085,0.11092405632089788,1.0,1.0,0.0,1.0,1.0,1.0,0.9209674702687639,1
1.020327642198361,-0.6916949017133748,0.36727183924764745,1.2239425668445683,1.4870575475061103,0.5319865605178387,0.0,0.0,0.0,1.0,1.0,0.0,1.3212358106522955,1
-1.4474254253413081,-2.0191932381508293,-1.2661267253966242,-0.2869995373871513,-1.4917367660930576,-0.6189791098228593,1.0,1.0,0.0,0.0,0.0,0.0,0.8440955342511712,1
-0.5816011253980655,-0.08143193640452251,0.3976736570903584,-0.8760390928588757,-0.4616958382756399,-0.43142429307111896,1.0,1.0,1.0,0.0,0.0,0.0,2.2840994693529795,1
-0.12247927615688536,0.25474337821038157,-1.4761069613320732,-1.3070563177845351,-2.3306566276315364,-1.2356674747937049,0.0,0.0,1.0,0.0,1.0,1.0,0.38248960952433964,1
-0.5008219427184507,-1.3967006388251089,-0.6996844021561,0.3512818005044967,-0.45289528259688433,-0.30989335237782856,0.0,1.0,0.0,0.0,0.0,1.0,0.4461272726560131,1
1.7965712544640564,1.7549734708429157,0.8991869665279701,0.052617315938710975,0.3920227018815671,-0.35732188597135356,0.0,0.0,1.0,1.0,0.0,0.0,0.5486236488468001,1
1.3209134074660163,0.9774590088700414,0.8646470358176185,-0.7142084850949554,-1.3790876020319687,-1.3371069398405657,0.0,1.0,1.0,1.0,1.0,1.0,3.0793935906780936,0
0.0520056875156812,-0.21940006668364473,2.8818376628985924,0.6713605816036039,-0.6363363025710953,0.6612741288065812,0.0,0.0,1.0,0.0,1.0,1.0,4.71419683289928,1
1.0791362344507605,-0.03618828343213402,-0.18376897954989801,-0.44896121260665994,-3.5670413681003614,-1.6491533296594465,0.0,0.0,0.0,0.0,0.0,0.0,1.1890968414488503,0
-1.1291620081322356,-0.7825218777618312,-0.313740301804807,0.6842963229466584,-0.39595162770212117,-1.200890058838053,0.0,1.0,0.0,1.0,1.0,0.0,0.2231592477085232,1
-0.10476397457196086,-0.12978410534569856,-0.35795947717278354,-0.22996955966669674,0.02091794618718586,-1.8172541811307537,1.0,0.0,0.0,0.0,1.0,1.0,0.9961366401452477,1
-0.41354006194176884,-0.05834348811943022,-1.652013287599194,-2.453926482319536,-2.0098093972689,-0.5544658947625969,1.0,0.0,0.0,0.0,0.0,0.0,0.5129752841171907,1
1.5734177974212222,0.9644094731273534,0.5948727098986428,-2.0826585698311524,-1.2193184907474188,-0.1428917850943852,0.0,1.0,1.0,1.0,1.0,1.0,2.8309925138731997,1
0.944262311521585,1.2900812296624533,0.15627660515024344,0.8537087513872798,-0.7043433463370066,0.4110518004403194,0.0,1.0,1.0,1.0,0.0,0.0,0.7573829493346796,1
0.6781960989354662,0.6791191231286936,1.2509794849681604,0.4975903424406848,0.10447355831575397,0.6659099349115599,1.0,0.0,0.0,1.0,1.0,1.0,0.6067653620802106,1
0.34739609205333505,0.29264391465030365,-1.5497279494177687,-1.158341998825427,-1.7396828823978991,-0.9898048111234911,0.0,0.0,0.0,0.0,0.0,0.0,0.5676329465931316,1
-1.01866922101479,-1.3714242682660733,-0.3535436252364008,0.758843268029902,0.915662924261225,0.6782236086745506,1.0,1.0,0.0,1.0,1.0,1.0,0.10868686968704717,1
-0.6394642479774258,-1.0756476316353774,1.2234879139167056,1.7508617450943353,-0.2427788765361623,0.32827847019316087,0.0,0.0,0.0,0.0,1.0,1.0,1.7001332843561152,1
0.8924136030087477,-0.8039424188313267,0.9507157023556493,-0.8332103608850796,-0.25071591250159136,-1.5598910903522138,0.0,1.0,1.0,1.0,0.0,0.0,1.623043364096438,1
-0.594399157311591,-0.4751096495583025,-0.4720417448674957,-0.3120396108838778,0.5925789914512521,0.4517351759609013,1.0,1.0,1.0,1.0,1.0,1.0,0.6692024705438984,1
0.34105408829294015,-0.2608590532195526,-0.9511660173405926,-0.8908600921133996,-1.0505237035998694,-1.1033484075653377,0.0,0.0,0.0,1.0,0.0,0.0,0.2867818515042105,1
-0.47518560294669276,-1.6215537258855393,-0.04989337113478689,-0.7550877150817806,-1.422907525975094,-0.2991591595505881,0.0,0.0,0.0,0.0,0.0,1.0,0.9609165295800994,1
0.2823565317750931,-0.21122421041836573,-1.2728747429358065,-1.1564924073189258,0.4025054502768909,0.42066367298043944,1.0,0.0,0.0,0.0,1.0,1.0,1.2514434463745343,0
-0.5827414668558788,-0.21597061356254232,-0.8467330277312571,-1.2564309772443463,-0.343949676563829,-0.3572383182869101,0.0,0.0,0.0,0.0,0.0,1.0,0.6313711846062096,0
-0.19080018340434984,0.616197730353394,-0.4023709888821818,-0.2844669075126745,-0.740122699767912,-1.5235600088765489,0.0,0.0,0.0,0.0,1.0,0.0,0.3120453269668765,1
2.015147711061197,2.13994308722538,0.7662564457652461,0.7818475308728078,-0.3039183341654356,0.8048711800829769,0.0,0.0,1.0,0.0,0.0,1.0,1.9385153107804904,1
-0.31513950787672507,0.3017509882975005,-0.35171074159057136,0.3939704806162667,-0.2220640091132614,0.8625333123675781,1.0,0.0,0.0,0.0,0.0,1.0,0.7769042535812078,0
0.4839542717999354,-0.22969395026086173,-0.1379089678530803,2.122308599981285,0.8230719425938389,0.16873323210844607,1.0,0.0,0.0,1.0,1.0,1.0,2.893093789579935,0
0.5201501832648169,0.7893941994310826,-1.502535132573752,-0.22802655185200002,-0.3649492416213674,-0.06421881119514487,0.0,0.0,1.0,1.0,1.0,1.0,0.2758810813594793,1
-1.0032436255753172,-1.4539900205640677,-1.2864110461879648,-0.21514684663139214,0.7959845379693483,0.24553679664190922,0.0,0.0,1.0,1.0,1.0,1.0,1.883214577523863,1
-0.9797213683617336,-0.9651175647637157,-2.3214488288464667,-1.6946403091919835,-1.7671594372227317,-1.0388346104617208,0.0,0.0,0.0,1.0,1.0,1.0,0.1619130454470995,1
-0.4073463512338959,-0.6584800811598243,-1.4170393363220277,-1.1693895302426258,-0.2943014853301664,1.7614919933754627,1.0,1.0,1.0,0.0,1.0,1.0,0.1050489156020302,1
-1.0504013634284006,-1.0622483403391154,1.6182271142618445,1.1382388328206072,0.28888091263843385,0.6672885309816026,1.0,0.0,1.0,1.0,1.0,0.0,5.704761114650617,1
-0.35119882256704615,-1.3770338647775866,-1.8702537133976986,-0.8457498878220251,-1.0784099007913648,-0.835903203110439,0.0,0.0,0.0,0.0,0.0,1.0,0.3094344567464845,1
-0.1132903558109958,-0.012866276866828808,0.3914597591779194,0.8994826146773485,0.6174235020563282,0.22469481294058055,0.0,0.0,0.0,1.0,1.0,1.0,1.9099664079525602,1
0.8738012386873169,0.9375411422669186,0.3715630485495184,0.33149753263726106,0.024291226798422133,-0.07421451862644857,1.0,1.0,0.0,0.0,0.0,1.0,0.3202461928404757,1
1.1374436184317096,0.41326631600454056,1.1998075855828694,2.049997785624671,1.346090522693655,0.042914029484194004,1.0,1.0,0.0,0.0,0.0,1.0,1.0421644521633693,1
0.7321376506798689,0.13229337858350398,-0.02416077653682098,-0.4385997937029606,-1.3800358048441268,0.9250680805695934,1.0,0.0,1.0,0.0,0.0,0.0,4.1038584923802635,1
0.5214697270448274,1.335357877514214,-0.4190117281379781,-0.9636140563562123,-0.9816727155352771,-0.18450750144532707,0.0,1.0,1.0,1.0,0.0,1.0,0.4555478970882989,1
0.3522819097510725,0.8354520920250472,0.44880867433802224,1.0140027041743427,2.019535020412115,2.2633330128965556,1.0,1.0,0.0,0.0,0.0,1.0,0.37306546606447744,1
0.2059237265354563,-0.1746555079146124,-1.442164652058038,-1.0947907390560223,0.027831633298882552,-1.6841118927579584,0.0,1.0,1.0,1.0,1.0,1.0,0.8197443505000295,1
0.2841509329683798,0.6951046629754893,-0.8377698585273742,1.1646330959568238,0.7647312338573273,1.0928661810387448,1.0,1.0,1.0,0.0,0.0,1.0,0.4294873986837337,1
0.574807704795273,1.0789839024848733,0.8900020237006269,0.049332910469175005,-0.025474587826418794,-0.8289376164626104,0.0,0.0,1.0,1.0,1.0,1.0,0.41254327329701035,1
0.5422418538753999,1.8484953136788058,0.7364147972893429,-0.5061489807179745,-0.3007615741560278,-1.6705713440069705,0.0,1.0,1.0,1.0,1.0,1.0,1.0693749205618492,1
-0.47703368154476267,-0.8914754508712417,0.037811277085954095,0.5809510391798612,-0.48631926709720813,-0.5828622231040461,1.0,1.0,1.0,0.0,0.0,1.0,0.6474293092256718,1
1.5192888104488116,0.15432299239048244,0.35651238246219985,0.18153914104811472,0.700403661690065,1.2514967700757595,0.0,0.0,0.0,0.0,0.0,1.0,1.8462798051031104,0
0.44671573899528977,0.22259671792154603,1.2577944007445203,0.21351976822625332,-0.8063496903517199,-0.0019774447031964356,1.0,1.0,0.0,1.0,0.0,0.0,1.7200324201140385,1
0.4745956559730337,0.3217539807506477,0.79970934048918,-0.16439515873627886,0.1391321744118306,0.7334590120145931,1.0,1.0,1.0,0.0,0.0,0.0,2.393048082357073,1
0.7779281322003725,0.18630233701002047,0.8075747757808615,1.1393156365923927,-0.8915547147854939,-0.2485834065662697,0.0,1.0,0.0,0.0,0.0,0.0,0.4029166224585888,1
-0.021190755053935972,-0.1004594124990882,-0.026239737946219827,-0.5997543540493502,-0.7410752698123182,0.7916110688838551,0.0,1.0,0.0,0.0,1.0,1.0,0.7431805755948147,1
0.14895899105283833,0.16499079205613673,-0.2219929925828237,-0.7727140264699673,-0.045827387446676096,0.05595559757417373,1.0,1.0,1.0,1.0,0.0,0.0,1.532301678248406,1
0.5686231380707649,0.4624156117991277,-0.061884428792339415,-0.24806011941685802,1.3735293046228483,1.3065772876364963,1.0,0.0,0.0,1.0,1.0,0.0,0.8224561491762113,1
-0.28387324736814235,-0.46682576840496,0.7940482783846787,-0.3104288907644756,0.882322685048407,-0.9879445837908855,0.0,1.0,1.0,0.0,0.0,0.0,0.5197537788400681,1
0.43296423397432915,1.0910910636726452,-0.19114192839057553,-1.5692130641339004,-0.36284991881322204,-0.4770762783370057,1.0,0.0,1.0,1.0,1.0,0.0,3.321567793572256,1
-1.4120022235614211,0.02076993193111789,0.2243760221627967,1.3318581752808818,1.0442569282312868,0.2071675010665874,0.0,1.0,1.0,1.0,1.0,1.0,0.44675971143207366,1
0.7960916247773089,0.9488972883577252,0.4228094359620042,0.75160329161978,1.716454763286851,0.8168965124094869,0.0,0.0,0.0,1.0,1.0,0.0,0.3035811474808941,1
-0.8582095756121263,-1.1381244329361393,0.47904672036530227,0.4684603570594651,0.6586177188784785,-0.2885778489540493,0.0,0.0,1.0,1.0,1.0,1.0,1.3696123982816943,1
-0.8312036824035816,0.5406596909863728,0.02324189845512821,0.3227004970185376,0.4033627011497291,0.39038673019468006,0.0,0.0,0.0,0.0,0.0,1.0,0.6459253986795372,1
1.3302721948225296,-0.2746278197784907,-0.01727811854416636,0.62692575642666,0.46888714471783577,0.6897256086968433,1.0,0.0,1.0,0.0,0.0,0.0,3.3854219443290026,1
-0.3475238452121318,0.09528804427199868,0.1122751011953068,-0.5214825186976944,0.08340110775282204,-0.9360987698687823,0.0,0.0,1.0,1.0,0.0,0.0,0.6503211414338081,0
-0.5642878627584061,-0.6279720482030902,-1.4437050480093905,-1.3800040167423893,-1.0128590402634572,1.438854391740802,1.0,0.0,1.0,1.0,1.0,0.0,1.238073009662567,1
1.401915046640573,0.1625109185292097,-0.7632075834045408,-1.2068544738886913,-0.45102298281543096,-0.7215124818539608,0.0,0.0,0.0,0.0,0.0,0.0,1.4173351597384427,1
-0.9083038591569818,-1.6082019078782417,-0.3560347441734537,-1.253320247162406,-0.4789081952353934,0.37807361160227987,1.0,1.0,1.0,1.0,1.0,1.0,1.785194086722657,1
-0.7643052245691287,0.4571296984528884,0.5635618199223017,0.8698159363198545,1.276528986250425,0.8473876276080707,0.0,0.0,0.0,0.0,0.0,1.0,0.33862653086541405,0
-0.6472854191978991,-1.668270553051926,-1.3297133048507734,0.03633797530124299,0.036729931372919286,-0.8265188926313177,0.0,1.0,1.0,1.0,1.0,1.0,1.0021730548198127,1
0.0003569660802005244,-0.9843374168405744,-0.2664322450192704,0.6777817837474445,2.438759895804419,0.531670042511149,1.0,1.0,1.0,1.0,1.0,1.0,2.6947043501076813,1
0.02734159538062902,0.3411697344295679,0.9170049976824768,-0.7642030866411965,-1.8811220681775496,-2.204386453668665,0.0,0.0,0.0,0.0,0.0,0.0,1.4131033308523417,1
0.7906717849091858,1.1095841002871223,1.0646335827486597,0.05002768271163415,1.005143645270042,0.5442861100874914,1.0,1.0,1.0,1.0,1.0,1.0,0.5389643851316936,1
-0.6109179917329207,0.8023599149986546,0.8900203117038467,1.5015538886767155,1.7247287739644583,1.6169324567483334,1.0,0.0,1.0,1.0,0.0,1.0,2.9546321359076297,1
-0.21244835756871272,-0.762245482036071,1.1158672272484966,1.6752090272365419,0.21479073671083143,1.272510179314077,1.0,1.0,0.0,0.0,0.0,0.0,1.5708645525952827,1
-0.6163908970544558,-0.955292837239649,-1.3664039446420044,-0.9007206576082822,0.09184997462996977,0.4816486069845874,0.0,0.0,0.0,1.0,1.0,1.0,0.4806004224508233,1
1.7826239554308212,0.42059868985027826,0.0070911110960009864,0.24173910861146192,-0.8069770747726774,-0.05663693185083554,1.0,0.0,0.0,0.0,0.0,0.0,0.8070182625129323,1
1.0293442119960414,1.3695137909133641,-0.44900550948451806,0.10948810831706991,0.6309886016003844,0.6739046130926681,1.0,1.0,1.0,1.0,1.0,0.0,2.169197306979068,1
1.2222630460903032,0.2609108635110883,1.4315491243286602,0.5595485694633767,-0.1859767951660438,-0.5718911449811152,0.0,1.0,0.0,1.0,1.0,1.0,2.0084900035715614,0
0.05485284466501578,0.02029622468911574,-0.6107471467649713,-1.4046911123977295,0.49901503691142807,-0.5943702614761529,0.0,0.0,1.0,1.0,0.0,0.0,1.698083149668674,1
0.9445463199740619,-0.722922902271411,0.2031340776338709,0.5639941564620863,1.821859618702768,-0.10673485755361521,1.0,0.0,0.0,0.0,0.0,1.0,5.717965471917913,0
1.2430620880127379,-0.0875691775407001,-1.015095081820728,0.42331223448427086,0.08772757890107682,-0.27461964777297326,1.0,1.0,1.0,1.0,1.0,1.0,0.9782644040581786,1
-0.346612708799117,0.9630450266663361,1.4279187391923007,-0.43833150947124433,-0.6172217293796771,-0.7522623487424214,0.0,0.0,0.0,0.0,0.0,0.0,1.561406508540228,1
1.1642488798581034,0.13904067318768681,-1.205709819341988,-0.9644899312194907,-1.732306520023373,-0.594915657288769,1.0,0.0,0.0,0.0,0.0,0.0,0.6218835709455881,1
-1.0873235522894178,-0.4459656539191244,-1.5761600282921706,-1.2693908594688126,-0.11474245485246438,-1.17359009611897,0.0,1.0,0.0,0.0,0.0,0.0,0.3501361747302586,1
1.4324101533843256,1.536494307403882,0.8157056161682877,0.8919642443778083,1.9473313671243178,0.1533218196848988,1.0,0.0,0.0,0.0,0.0,0.0,1.6278723147299086,1
-0.7160405404354006,0.46175352133120984,1.0572039222473326,2.0224906440112824,0.9761291347879542,0.17514404634287953,0.0,0.0,1.0,1.0,1.0,1.0,0.8715206443187552,1
-0.36107436839427587,1.088454630449456,0.6108738296137536,0.47886767086961124,-0.17169952394273966,1.0932664877424165,0.0,0.0,1.0,0.0,0.0,0.0,0.6054219602478089,1
0.40150789814464216,-0.8930973099350256,-1.2851786569750123,-0.6930352582524281,-0.11807989532994266,0.3997480537627492,0.0,0.0,1.0,1.0,1.0,1.0,0.7910098050980765,1
-0.36233409907461106,-1.7195270618847722,-0.3183401637855505,1.0389890105605346,0.6726962239456808,1.3869588146705267,1.0,0.0,0.0,1.0,1.0,1.0,1.5413822198058882,1
-1.3324366875503968,0.3850415507339351,1.4652226912384092,1.741859749064816,0.444450117971505,0.38678298978230885,0.0,1.0,0.0,1.0,0.0,0.0,0.3582378876382676,1
-2.054166330803592,-1.2691661598639918,0.9818421828879171,0.739317595599823,2.129522693734869,0.7194430649002426,1.0,0.0,1.0,0.0,1.0,1.0,1.9373226706839333,0
-0.8829370013411437,-2.3854914697227123,-1.657177524187949,-0.6869804917364593,-2.0195945799636768,-1.8769940582115086,0.0,0.0,0.0,1.0,0.0,0.0,0.7052299999716904,1
0.8771701495868015,-0.488670454675904,-0.9175198162012748,-0.5376130475178325,-0.06475007138461045,1.9517993608049875,1.0,0.0,0.0,0.0,0.0,0.0,1.036190534590425,1
-0.8699121020405858,0.33801743854973293,0.8629082419657734,-0.2210580408124709,1.233936781099101,0.032916406011942095,0.0,1.0,1.0,0.0,1.0,0.0,1.053088377370181,0
-1.6437761434837117,-0.3615699304280273,0.1603641549802079,-1.1463884427997508,-0.6661626529168018,-0.7291212316223534,0.0,0.0,0.0,1.0,1.0,0.0,0.2605936360604045,1
-1.8906010589358546,-0.34623060072222267,-1.2520745254570596,0.3608673710120808,0.5078853677781345,1.262716124868166,1.0,1.0,0.0,1.0,1.0,1.0,0.14536007936259793,1
0.14966750914208116,-0.5098129460508559,-0.7473293055191257,0.4009824424958315,-1.2661628640138456,0.5448383468907966,1.0,1.0,0.0,0.0,1.0,0.0,1.148076213210321,1
0.19765777319384845,0.983221733602697,-0.48697262407367703,1.6463663724774447,1.150954927701682,1.0229626920342036,1.0,0.0,1.0,1.0,1.0,0.0,2.27671717527748,1
-1.2059091839782725,-1.2132338048036273,-0.7472198586179668,-0.42075713426227884,-1.3977364425507823,-3.2363463433919177,0.0,0.0,0.0,0.0,0.0,0.0,0.5062893260156706,1
-0.2053077273598262,0.8623599970357119,1.9755177956942747,1.7634295240797415,0.7980478788006967,1.6226237171685356,1.0,1.0,1.0,0.0,1.0,0.0,1.545514713341627,1
-0.6009069783799259,-1.4129222527267302,0.8433452406966478,0.748505582374598,0.7580683014461698,1.3516716524895898,1.0,1.0,1.0,1.0,1.0,0.0,2.0442742331738595,1
0.9661473839580907,-1.9577117301518603,-1.9763140739806522,-4.291047825712567,-1.7530599498462236,0.17389056327848204,0.0,1.0,0.0,0.0,1.0,1.0,0.4720618694062064,1
-1.3945340483194495,0.46257928241784196,-0.43405600218377166,0.7365444911941109,0.5576400808398781,-0.6492800727477612,0.0,0.0,0.0,0.0,0.0,0.0,0.13757384677503187,1
2.910213915984035,2.517594119380816,0.4345522603476394,-0.2985539522362497,-1.2225225311779342,-0.3603030383698909,0.0,0.0,0.0,0.0,0.0,0.0,0.6360606937760613,1
-1.2839852516873909,-1.4524841513265936,-0.2518318670395987,-0.6261516475411969,-0.58757143666135,-0.9939706259066462,1.0,0.0,0.0,0.0,0.0,0.0,1.554032433177796,1
1.2303462092586057,-1.6358480264385964,-0.9384413456213203,0.6326246146750385,-0.09370189238122413,-1.4306990527228272,1.0,1.0,1.0,1.0,0.0,0.0,4.805748798619763,1
-0.7027975718626309,1.1682700297768358,1.440758213320851,0.14096297130890362,0.009886568049125298,-0.014166603423868905,1.0,0.0,1.0,0.0,1.0,1.0,1.8659483747162728,1
0.6628241538114702,0.334700164434279,0.7485413005432324,-0.07020280954299309,-0.9297082960696179,0.3073819211135988,1.0,1.0,1.0,0.0,0.0,1.0,1.9325638470452309,1
0.15159149871517433,-0.5112358093289812,0.16184686558302136,-0.10520374681404762,0.7671690365413513,1.4904465184056461,1.0,1.0,0.0,0.0,1.0,1.0,1.6755025013917642,1
-0.36685924222368527,-1.0380192352774573,-0.4172252075995724,0.02490375889962078,0.5615129571368734,0.9519169411451451,0.0,0.0,1.0,1.0,1.0,1.0,0.9314838969602798,1
0.9070260119840167,0.04930435389058046,-0.8502745975388095,-0.8212783279723497,-0.4474044820105902,0.3134493157519194,0.0,1.0,0.0,0.0,1.0,1.0,0.6319783103724362,1
0.9269308106870683,-0.9421361190921342,-0.8334273876794938,-0.37358391205436803,-1.501868331347535,-0.17716443591371528,1.0,1.0,0.0,0.0,0.0,1.0,2.021883658841765,0
-1.5497947061966355,-2.29019128600488,-1.694721297944889,-0.12599551433840347,0.4228634532060367,0.4529037516489686,1.0,1.0,0.0,1.0,1.0,0.0,0.2057009544217911,1
0.5505356995540868,1.3006988702383482,2.267883504943464,0.29124654790757815,1.170590816051365,0.8731237611687259,1.0,0.0,0.0,0.0,1.0,1.0,3.263926877138813,1
0.32372778155174836,-0.25208790991049346,-2.9756884848316445,-2.281527234444721,-0.5578853619518617,-1.0273940607655216,0.0,0.0,0.0,0.0,0.0,1.0,0.2695734042084788,1
0.6308239732481461,0.38685435142259217,1.4055377333143029,0.12002972500730583,0.0886728482984888,-0.8536243616504625,0.0,0.0,1.0,0.0,0.0,0.0,2.105120480508254,1
-2.107566517092985,-0.5737217594615853,-0.9025907642224148,-1.2905421839576852,-0.5603669575557614,0.2629832548068891,1.0,1.0,0.0,1.0,0.0,0.0,0.507500602225673,1
-0.1350217625871822,0.975711617392837,-1.4944821006210973,-1.0677727192123643,-0.6895818292777851,1.5675465611071515,1.0,1.0,1.0,0.0,0.0,0.0,0.5290846631190945,0
-1.4499615099679386,-0.3678385067105631,-0.6059041473278601,-0.3201764947302345,0.6633425837748661,0.4228480980212832,1.0,0.0,1.0,0.0,1.0,0.0,1.0001644121014792,1
0.04463195454976993,1.5864792702574795,0.07214667103611432,0.30217071582519917,-0.6426711295125256,0.5751451702039849,1.0,0.0,1.0,0.0,1.0,1.0,0.36905805952699444,1
0.6725989277140271,0.38832189690277424,0.132071711477733,-0.8517158731229848,-1.2979560406983397,0.9795306358023251,1.0,1.0,0.0,1.0,0.0,0.0,0.811974814085068,1
1.62632018480978,1.0845637110653852,1.0414992034939492,-0.6128425149412168,-0.7735066831919489,-0.8635084341770678,0.0,0.0,1.0,0.0,1.0,1.0,1.6441519032391685,1
-0.5425445735423131,0.27687792920514553,0.45127332154317484,-0.3070194653282594,-0.01804006243246396,0.24306740961000708,1.0,0.0,0.0,0.0,1.0,1.0,0.8559726834826005,1
2.392374747107664,1.0354812317429642,-0.6714519626982239,0.53082477650566,0.1007465754262289,0.5649098772093418,1.0,1.0,1.0,0.0,1.0,1.0,3.373326135032313,1
0.6451400609034498,-0.8164693195659364,-0.768041325935808,0.3223118920718883,1.3405864759260153,-0.822103498633245,0.0,1.0,0.0,1.0,1.0,1.0,0.7512473949722733,1
-0.4642470517573399,0.0728785708856057,-0.8315762896780673,-1.3874037160134782,-1.6143460341914726,-0.852353501482141,0.0,0.0,0.0,0.0,0.0,0.0,0.2579269683069175,0
0.21031038801577237,1.0337450950238252,1.1277322320798473,0.7124555566797858,0.9350182203583145,1.145919033524621,1.0,1.0,0.0,1.0,0.0,0.0,1.5922877250095528,1
0.5854158077934032,0.3414777783743043,0.25924730496500115,0.9360085701762871,-0.03550363165667079,1.786183447475412,1.0,0.0,0.0,0.0,1.0,1.0,4.6183659421953225,1
-0.05560468165510469,0.6472287059150788,-0.006795542655700762,1.8248488064068387,0.0984995503037943,1.266952035589635,1.0,1.0,1.0,1.0,1.0,0.0,1.5756347317335928,1
1.4610190742264597,2.7022964090254753,-0.0008863490847171041,-0.9978750781195027,-1.0423300953004557,0.2342915811176423,0.0,0.0,0.0,0.0,1.0,1.0,0.4360065578740461,1
1.0442543265176538,-1.9323786552675186,-1.5698112204752375,0.4258271501418418,0.14620368492980526,-0.5537395163562843,0.0,0.0,1.0,0.0,0.0,0.0,3.2328175174930265,1
0.30942258778878884,0.9605882848129258,1.6958982500439443,0.5947191065932264,0.796478206707519,-0.3249261435297006,1.0,1.0,1.0,1.0,1.0,0.0,4.127785870254616,1
0.18933852958690692,-0.9043354650329166,-2.96271050012195,-2.2600501707009766,-1.2728498613936647,-0.5947222870424974,1.0,1.0,1.0,1.0,1.0,1.0,0.3185390719863268,1
1.2904219725800343,-0.7268641155848122,-1.4440268761421395,-0.13786022780665022,-0.5982163663755602,0.09352290588976342,0.0,0.0,0.0,1.0,0.0,0.0,0.6800005572635311,1
0.002949993386952125,0.011822746103180664,-0.7979314613736883,-0.737294661896231,-0.98472172971452,1.1089026601626892,1.0,1.0,1.0,1.0,1.0,0.0,0.9255472335619271,1
-0.9770426184000245,-0.13608990115846578,-0.7556349699847922,0.5042105464330784,0.1418314225291127,-0.5366122029456408,1.0,1.0,0.0,1.0,0.0,0.0,0.6287623831325082,0
-0.5055314498665143,-1.0957449603317873,-1.4622496676375225,-1.6846817174180706,-0.4232679953997824,-0.8519117622117351,0.0,0.0,0.0,0.0,0.0,0.0,0.4327067081714141,1
-0.8207818538006214,-2.524497085664697,-2.0762488588807346,-1.6037241083184943,-1.483739679654414,-1.035821535133342,0.0,1.0,0.0,0.0,0.0,1.0,0.4255171429774391,1
1.831852981504475,1.7887555337283783,0.913241304366722,-1.1339347052550053,-1.5518187323141457,-0.2735165988180934,0.0,0.0,0.0,0.0,1.0,0.0,1.9341201924226914,1
-0.29972052048287523,-0.07709735583007359,1.1372866007931952,-0.47099630702749173,0.17502111607145468,2.0683165767823306,1.0,1.0,1.0,1.0,0.0,0.0,1.2823097896714966,1
0.9862370411434707,0.784731039894662,-0.23902110244512015,-0.20064789088817578,0.1501622592411201,-0.04394199708495055,1.0,0.0,1.0,0.0,1.0,0.0,3.9396458702293224,1
-1.0661822715706346,0.19281135253623322,0.6557510256502649,0.003874270848599754,-0.2746644156651207,-0.2761173095199732,1.0,1.0,1.0,1.0,0.0,0.0,0.6006613942544635,1
-0.9309291867527592,-1.6755915624977038,-0.33886544253661266,-0.212790267549165,-1.3870573715315726,1.230355192254235,1.0,1.0,1.0,0.0,0.0,0.0,0.8613122913960286,1
0.22252203755066402,-0.3818296807837773,0.028996372123641537,0.826264239697456,1.5726110263455113,1.408506192132196,1.0,0.0,1.0,0.0,0.0,0.0,3.2785570255715597,1
0.8220131374373751,0.3056326499850263,0.3536318489816097,-0.2398570477978883,1.5579887680277291,0.9158295876947293,1.0,0.0,0.0,0.0,0.0,0.0,1.3698120705953063,1
-0.26849236561056306,0.047682544425025036,0.47629192501885464,-0.8474934834412166,-0.9151932669363992,0.29113531862575975,1.0,0.0,0.0,1.0,0.0,1.0,1.2149893477537717,1
-0.1338972121622886,-1.4695678306666278,-1.4472760630638324,-1.2035903923615676,-0.4569618947867842,-1.06271646353366,1.0,0.0,0.0,0.0,1.0,1.0,0.927868752224394,1
0.035983830317652746,-0.820151889185815,-2.757631219129999,-1.7995529355328503,-0.7746026626626464,-0.6651442052081039,0.0,0.0,1.0,1.0,1.0,0.0,1.100533663350286,1
1.2141677246630453,0.5669009866604872,-0.854089827333191,-1.5242662727058534,0.8550169538550753,0.35769062836438503,0.0,0.0,0.0,1.0,1.0,0.0,1.335146247882802,1
0.016942284835269317,-0.18338001809053808,0.579630664630656,-1.990148622384201,-1.081866568583013,-0.3377849906555297,1.0,0.0,0.0,0.0,0.0,0.0,4.396314937504068,1
0.7554899533282823,-0.55127208716629,0.990630992786529,0.24324638400001594,0.02049432476179904,1.134998705371675,0.0,0.0,0.0,0.0,0.0,0.0,2.6342603295094644,1
-1.5384484905004043,-0.4951030759287143,-0.2497888564628114,1.226341945350314,0.6613842829726685,1.3304128316309527,1.0,1.0,0.0,1.0,0.0,1.0,0.14980183931816726,0
-1.1515153664389661,-0.744067727902172,-1.0616338956695126,-1.015456219354462,-0.32610178237368753,1.7687225831092594,0.0,1.0,0.0,0.0,0.0,0.0,0.14805357825912996,1
-0.40573217576821147,-0.9741576447593833,-0.39611071238400003,-0.6751156595398552,-0.7967817376798688,-1.9978944159094194,0.0,1.0,0.0,1.0,1.0,1.0,0.05176716200637845,0
-0.1338371485178545,-0.4290522274233703,-1.4559951950035612,-0.9820596882159184,-0.5467621707982356,0.39358048077837493,0.0,0.0,0.0,0.0,0.0,1.0,0.5077202967998549,1
-0.6543116593794733,1.2904252865575627,0.6776917367497951,1.7460267142879407,1.0781494740503943,-0.6944852849025728,0.0,0.0,0.0,0.0,0.0,0.0,0.10133751212098335,1
-1.3434604757124164,-0.6031629789665215,-1.2170043186611283,-2.2704543239598967,-2.4064201803198997,-2.273720210357819,0.0,0.0,0.0,0.0,0.0,1.0,0.18837842728006401,0
-0.7707945186841907,-1.1059541824546057,-0.27384534860684456,0.6638911773592051,0.32118529140717855,0.6853616187386367,1.0,1.0,0.0,0.0,0.0,0.0,1.4102275265209936,1
-1.4110342337503952,0.1143723104570912,-1.7210521593831964,-0.9514478515277244,-2.8658629821042787,-0.5586889651838916,0.0,0.0,1.0,1.0,1.0,1.0,0.12354841723228728,1
0.7750171592330181,0.6224598762570083,0.8668861366216025,0.6539823439555809,0.4817353729007194,-0.6339479482244484,0.0,0.0,0.0,1.0,0.0,1.0,1.720234096806147,1
0.7341624877291345,0.33865661616240333,-0.1492015851839088,-0.7044899712831622,-0.582836509639112,0.5049954321602496,0.0,0.0,0.0,0.0,0.0,0.0,0.5017009240160994,1
-0.1650083686532587,0.06292523977216334,0.39985715354811824,0.6877190421277697,-0.7630255327047657,-1.8157196323453382,0.0,0.0,0.0,1.0,0.0,0.0,0.4994620341661821,1
-0.5839928814324962,0.14377507425338193,-0.2854564612536531,-0.7015968131842153,-2.0686083770032826,-0.4555522702168511,0.0,0.0,0.0,0.0,0.0,0.0,0.5133645068936808,1
-0.2711651673259635,0.17246995298263756,-0.04146113298571828,-0.4962703253892021,-0.9605302628408848,0.662061413987101,1.0,1.0,1.0,1.0,1.0,1.0,0.10333089232213945,1
-0.5571537002377123,1.3599703081332066,-0.279937792082263,-1.1988486033746641,-0.9466259532825447,-1.1951110045198872,0.0,0.0,0.0,0.0,0.0,1.0,0.26266411270525847,1
-0.20684347191020575,-1.299588984873044,-0.5961551465719908,0.4450829999941969,-0.9117571089489312,0.16460507284724782,1.0,1.0,1.0,1.0,1.0,1.0,1.6245090821100086,1
-1.5224319926586203,0.4960925219564979,-0.3838676139163529,-0.5114605389233212,-0.08352625349175058,0.2540240828655784,0.0,1.0,1.0,0.0,0.0,1.0,0.14792509153436725,1
-0.5591682802230639,-0.13815433960824575,0.2088947578637501,-0.07337280118636812,-0.6860025555911082,-0.4996975765683617,0.0,0.0,1.0,0.0,0.0,0.0,1.443221779785308,1
1.1000076261190748,0.643378671340796,1.1677174793533125,0.08553270126053138,1.062860844984963,-0.03018554927384954,0.0,0.0,1.0,0.0,1.0,1.0,2.906218474711706,1
1.0004931050196435,1.5593817836221195,0.3022855825399873,1.0069050941051685,0.31992484896138895,-1.0932596393326346,0.0,0.0,0.0,0.0,0.0,0.0,0.30682654005630405,0
1.0296530367105028,0.19950604526278587,-0.6142305318341842,0.6074993269457084,1.1616338454659563,1.5209852008588371,1.0,0.0,1.0,1.0,1.0,0.0,3.555411053189961,0
1.3744172700218653,1.6588932144947093,0.24988303633173636,-0.2787994584018619,-0.43690447541634125,-0.9172354572820843,1.0,1.0,0.0,0.0,0.0,1.0,2.121481175760349,1
0.38308288200626617,-0.12567154715227907,-0.6863084922445253,-1.5080599765166645,-1.267837650672628,-1.3113045539759578,0.0,0.0,0.0,1.0,1.0,1.0,1.3897374136472052,1
-0.7007376241429936,-1.1933608295714933,-0.7640985044128508,-1.5264350221926577,-1.2171949167170986,-0.009406016887965897,0.0,0.0,1.0,1.0,1.0,0.0,1.784929276202589,1
-0.24263950456612882,0.7996410171851528,0.5947715155578106,0.19403028800402095,1.410173657933407,1.177932275140471,1.0,1.0,0.0,1.0,0.0,1.0,0.698842792398116,1
1.8412805734973838,0.4137316281147937,0.8031855910065749,0.8291454257754469,0.7679770291030433,0.4774774963273711,1.0,1.0,1.0,1.0,1.0,0.0,3.4019184844386636,1
0.5427654368974295,-0.30439996879274506,-0.35151965637774263,0.5654525235950763,1.2203016495132943,1.1599449576879997,1.0,1.0,1.0,1.0,1.0,1.0,1.5967169463220168,1
0.20366885125962944,0.7039744628142425,0.14954107863808513,0.6324424901500715,2.4524676999441843,-0.8401236177080246,1.0,0.0,0.0,0.0,0.0,0.0,1.3763004281921847,1
1.3155919039707085,-0.545545520619775,-1.7678003985282706,-0.6894942515903938,-1.8416576986665814,-2.4873926944408873,0.0,0.0,1.0,0.0,0.0,0.0,1.6718391690048304,0
-0.977909326528058,-0.36407336657498607,-0.5121975884477239,0.2845246968208721,0.7067337492039237,0.5111757622763473,1.0,1.0,0.0,1.0,0.0,1.0,0.8640271684813937,1
-0.03912053102672096,-0.13019604191441647,1.0665746254952697,-0.07041839287079771,-0.547743616631798,1.1642857381097318,1.0,1.0,1.0,1.0,1.0,1.0,2.094754805466517,1
-0.6700683206815109,-2.023194380836507,-0.9664831774923548,1.1203130990709944,-0.08876345027967968,-0.14529559736370748,1.0,0.0,1.0,1.0,1.0,1.0,3.26503926830178,1
0.982295515939045,0.4968400367026805,1.44823092289713,0.04382815089539423,-0.4241989287418851,-0.44438398888243325,1.0,1.0,1.0,1.0,1.0,0.0,1.3890103698241743,1
-0.6005755914191463,-0.13325716827506054,1.4589870473979762,0.5335140261181712,0.7291533823522282,2.048336358196009,1.0,1.0,0.0,0.0,0.0,0.0,2.488928784766477,1
-0.20028640051539556,0.4478736697502122,0.5517010512709385,-1.5345620062349665,-0.44868893609288396,-0.7129886296647485,1.0,0.0,0.0,0.0,1.0,0.0,0.6652901902390188,1
0.9740578607644101,0.3670121801757952,-0.829230258612099,-1.0042429228619658,-0.2558526667979681,0.043130871950352104,1.0,1.0,1.0,1.0,1.0,0.0,2.08610494032159,1
-1.3077212196636585,-0.1586429328480505,-1.7196404917448218,-1.5092308938301808,-2.341541357442244,-1.3541859922575932,1.0,1.0,1.0,1.0,1.0,1.0,0.2384279016507755,1
-0.5894440688584858,-1.2231959725530863,-0.844900145704989,-1.0424487346407998,-0.9925723838978298,0.9122641139303843,1.0,1.0,1.0,0.0,0.0,0.0,1.0576030009057815,1
0.3250781938930913,0.07692957262891773,-0.7195139157250373,-1.0090633194557073,-0.5137744376976292,-0.510570887374068,0.0,1.0,1.0,0.0,0.0,0.0,0.6139357686474212,0
0.397304667898229,0.7433340701654689,0.15028033756625578,0.5601174643664371,-0.11750067164809914,-0.45421740028602803,0.0,0.0,1.0,0.0,1.0,1.0,0.10910338750236191,1
0.44807821034316525,0.010819481074268484,-0.8372022884400326,0.7789783240110741,2.093416292589461,1.2435350549566715,1.0,1.0,1.0,1.0,0.0,0.0,1.2369318099771713,1
-0.24084239696888216,-0.29918633069246303,0.46716198810677156,0.487603269222492,-0.7703461901603168,1.5572579548726964,1.0,1.0,0.0,0.0,0.0,1.0,0.4574579350950323,1
-1.655052216891221,-2.1637736214940615,-0.841574155548691,-0.4854296423723866,-0.8089016105533752,0.45189892843301144,1.0,0.0,0.0,0.0,0.0,0.0,0.9657788504762279,1
1.5601582944076477,2.5581064823140536,0.933390474660538,0.6251605069834096,0.3682992008898932,0.0020646573678820834,0.0,0.0,0.0,0.0,0.0,0.0,0.6296753834785525,1
0.35152626404908277,0.5455658195864326,-0.8589846653099225,-0.7815239992426918,-0.8932292027124792,-1.0477079788444272,0.0,0.0,0.0,1.0,1.0,1.0,0.576304855119476,1
-1.2019210726558058,-0.5337677507641719,-1.7355010485937208,-1.193341818697876,-0.6501766380227113,1.3470981681190004,1.0,1.0,0.0,1.0,1.0,1.0,0.4639205810670219,1
-1.4862587367113436,-0.8107693257151158,-0.6331779311741654,1.7272495535349606,0.9257872210701296,1.7078769628163668,1.0,1.0,1.0,1.0,0.0,1.0,0.11035239877039428,1
1.8629988706417393,1.6746284208363729,1.538137292626127,1.506268130854804,-0.2823332439884827,-0.7597924721577942,1.0,0.0,0.0,1.0,1.0,1.0,1.778132184668494,1
1.8276194726461956,0.49402773755230245,-0.6818870129107253,-0.00012763819194656198,0.11347675012472562,-1.2196827227272504,0.0,0.0,0.0,0.0,1.0,0.0,2.4062940734872376,1
0.34479752777332434,0.08238834901505054,1.2801228316632405,0.19220177997956542,-0.16941280894901634,-1.0463057989366296,0.0,0.0,1.0,0.0,0.0,0.0,1.2778160416947866,1
0.20725375510021532,-0.6303486598516248,0.262680167626605,0.14661545167355647,0.8554397696375282,-0.733231473731524,0.0,0.0,0.0,0.0,0.0,0.0,1.0849791996161868,1
-0.7503861422054373,0.5734060124819484,1.6349391242046902,0.330737636702636,-0.13558604737837374,-1.8838151701282124,0.0,0.0,0.0,0.0,1.0,1.0,1.3613716910431373,1
-2.0143228959374895,-2.875844735530118,-1.5372981077555474,-0.5611331884911738,-0.7742059079120113,-0.9461167217499883,0.0,0.0,1.0,0.0,1.0,1.0,1.272433813579297,0
1.000880575814841,0.5772353379442666,-0.5383613325593302,-1.057304252587983,-1.591924288434322,-1.412277617543189,1.0,1.0,1.0,1.0,1.0,0.0,2.535596700572707,0
-0.6913947964392759,-0.5830878111756246,-1.8452337015651459,-0.8998785919935633,0.13626953786456467,0.43129195836417544,0.0,0.0,1.0,1.0,1.0,1.0,0.3958088128051968,1
0.6163542852675461,1.8488179713376107,0.9720903983566149,1.9803669166972013,0.01181926136730942,1.653716378722461,1.0,1.0,0.0,0.0,0.0,0.0,0.7966842790326455,1
1.8045339315723077,0.04073869755136828,0.9975237692984181,2.5729549931929974,1.3826765858412413,1.6980997807296043,1.0,0.0,1.0,0.0,1.0,1.0,6.704195817535168,1
-0.7470533494962948,0.8198195274170578,0.3561605722244945,0.8039144187203383,0.021076547899309107,-0.705070336080546,0.0,1.0,1.0,1.0,1.0,1.0,0.8227740236978633,1
0.8635959735688074,0.730979044896994,-0.450956707083749,0.2610399126041735,2.399698737553082,0.8324360696240192,0.0,1.0,1.0,0.0,0.0,0.0,0.7262334761280741,0
1.7275222340074472,1.5930532774757982,1.2319652094377929,0.5257916681372293,-0.6446157854498068,0.02385298706528535,0.0,1.0,0.0,0.0,1.0,1.0,1.2466822914993831,1
-0.43008114409966763,-0.185028937747958,0.2786244808144015,-2.32736532133102,-1.12913551906051,1.3445653370833797,1.0,1.0,0.0,0.0,0.0,1.0,0.7204138850212379,1
0.6910539601106167,-0.7358177077381015,0.37574203009613466,1.4297949944687602,0.32411921252678094,0.2274048418998959,1.0,0.0,0.0,0.0,1.0,1.0,6.431110502780975,1
0.9781664174127296,-0.6123868428120142,-0.957531687109808,-0.7822647182997617,0.2699977164127834,0.4530277278539769,1.0,1.0,1.0,0.0,0.0,0.0,3.1932246246973324,1
-0.025640017063537628,-0.40900906266191134,-1.7090817522174888,-0.4284137100023673,-0.5296139291160125,-0.4350082891743499,0.0,0.0,1.0,0.0,0.0,1.0,1.0344237163776067,1
1.3458874250178967,0.6308800793273991,0.39249531957713346,0.6161574359591916,1.636454069052846,0.8232432114731475,1.0,1.0,1.0,1.0,1.0,1.0,2.1565212320846783,1
-1.0069050544160114,-1.0291158986388276,0.12421828114247,0.07088998896828679,-1.2599806750778864,-0.234785158954645,1.0,1.0,0.0,0.0,0.0,1.0,1.7281194578732837,1
-0.047005136125177115,-0.686732624013413,1.0908197875979297,-0.011588491355863356,-0.12523503015345616,-0.04110288296517821,1.0,1.0,1.0,1.0,0.0,1.0,3.4209511362835525,1
0.8325604455133969,-0.9630297461131666,-0.2642802833376083,-0.7839395973134533,0.8391046813932007,0.748698409364776,1.0,1.0,1.0,1.0,1.0,1.0,3.6098778874592745,1
0.0900018318971744,-0.279015848374759,-0.37866001429344665,-2.7564992734115457,-1.6145860490130006,-2.0458348503394093,0.0,1.0,0.0,0.0,0.0,0.0,0.611110850390613,1
0.3007504963818886,-1.2489143704748704,-0.18422199574480355,-1.0481538071794336,-0.08513509226278705,0.13001617345593453,0.0,0.0,1.0,0.0,0.0,0.0,2.2398301165320196,1
0.9990649517645844,-0.12315961823528039,0.19224710181521915,0.19642645386878868,-0.004187129393668255,0.2664109017863449,1.0,0.0,1.0,1.0,0.0,1.0,3.608400845196976,1
-0.16104511701806393,-0.17886128992263708,1.6263597947867676,1.3645409522520031,-0.4669528290541815,1.6656266308108865,1.0,1.0,1.0,1.0,1.0,1.0,0.20139318566963732,1
-0.11954827080126,-1.2642123030513241,-0.8783513640993834,-1.7750127521673353,-0.3010325083830384,-1.3744224909018394,0.0,0.0,0.0,0.0,0.0,1.0,1.1221370725430817,1
0.30923050333473695,1.5812424520938815,1.0877285952621616,0.18464012391896015,0.9895774424857994,0.47877248080948387,0.0,0.0,0.0,0.0,1.0,1.0,1.1490223183816106,1
-0.4237131954685999,-0.3723773977258728,-0.4923961079439958,-1.0910449780113194,-0.40806321080440316,-0.33352874960826073,1.0,0.0,1.0,1.0,0.0,0.0,2.277688577664603,0
-0.4591805563364833,0.33644826247055354,-0.9987296861862333,-1.176707084041173,0.20151382204043217,0.35440957876043555,0.0,0.0,0.0,1.0,1.0,1.0,0.32328880894059453,1
0.7801650588633069,0.1322175358839856,-0.8747677582641119,-1.0893448681230964,1.2914710455214224,0.5178515621922136,1.0,0.0,0.0,0.0,0.0,1.0,1.7178211799084546,1
0.43562748181623373,-0.48307228391584944,2.0571656984963123,-0.04283330100052289,-1.10228462373142,-1.38464637911905,0.0,1.0,1.0,1.0,0.0,0.0,1.0432289203652079,1
-0.20820631256126504,-0.19256304133671728,-0.007867069555875683,0.13212684009213688,-0.270521312861354,0.7291395279756719,0.0,0.0,1.0,0.0,1.0,1.0,0.8156727258610184,1
-0.4816462831532555,0.4959019681258916,0.734376067694984,0.20138065899654967,-0.09540964202502733,0.5391217281299854,1.0,0.0,0.0,0.0,0.0,1.0,0.8944537718456418,1
0.7728565579743399,0.5967533232697797,0.14520402901949925,-0.6258655590332161,0.7466899199040877,0.365249479625787,1.0,0.0,0.0,0.0,0.0,0.0,0.8114620843830344,1
0.9168548679101852,0.2704990774528217,0.2371607865162217,1.6690801377693452,0.6393453339413334,-0.18823544402445047,0.0,0.0,0.0,1.0,0.0,0.0,0.3844558009571127,1
1.1942182462194035,2.3449557681895317,0.30983127328619203,-0.11030341928749164,-0.39357545527523624,-0.1882765410730691,0.0,0.0,0.0,1.0,1.0,1.0,0.48561379040500896,1
0.7799811607670636,1.3044182602000214,-0.19089395447810625,0.6466628475858478,2.0488319294314215,1.0013599275853147,1.0,1.0,1.0,1.0,1.0,1.0,1.1206109967443658,1
-0.26132396965885424,-0.08559849738988679,-1.0638374105955568,-1.4291275068628368,0.22757060770080892,-0.1323482337736653,0.0,0.0,0.0,0.0,0.0,0.0,0.5410427933630696,1
0.7431105418484949,0.1905331201635478,0.9324129047832671,-0.5006864152599134,0.2396668688279347,1.4498041355004472,0.0,1.0,1.0,0.0,0.0,0.0,1.5782961043975146,0
0.4808136921172708,-0.8870539884680907,-1.2288195989082658,-1.3211611120106785,-0.5292856033481462,0.11215004546998131,1.0,0.0,1.0,1.0,0.0,0.0,2.5809661234263017,1
-1.3556162374691356,0.16527988456578036,-0.14128986542599856,0.520717306687441,1.2313572197478613,0.2244632953773167,1.0,0.0,0.0,0.0,1.0,0.0,0.7026039909302846,0
1.4828545100005635,0.8318796091552371,-0.5651847071043358,-1.4424370996449694,0.19494598091929521,-0.8395686130349252,1.0,0.0,0.0,0.0,0.0,0.0,1.2377688765046089,1
-0.7629611024133294,0.3171422025534185,0.6733937200801194,1.109208535417002,1.055322041303118,-0.44477012607817606,0.0,0.0,0.0,0.0,0.0,0.0,0.5850487259328708,1
-1.085577350192452,-0.9837201512561808,-0.5558902022635737,-0.8760432386666657,-0.5396805365269528,-0.03903516872159748,0.0,1.0,1.0,0.0,0.0,0.0,0.48882062410200244,1
-0.4684134177442832,1.1859326462691047,1.1829631310533322,2.7543012801220326,0.5479473877222902,-0.05116318046919715,1.0,1.0,1.0,0.0,1.0,1.0,1.0228768219814512,1
-1.13579307422927,-1.4886007503974208,-0.31218238095142786,0.2155318597523834,0.7167914970840341,-1.0037602006238027,0.0,0.0,0.0,1.0,1.0,1.0,0.4382520133056733,1
1.150654128470435,0.2632324404119117,-0.13074428196177873,-1.0185220463367393,0.35333442147191313,-0.9356843965020385,1.0,0.0,1.0,0.0,0.0,1.0,3.1949707339827986,1
0.08729802668096932,-1.2336919109060624,0.24513745569044995,0.15973293706930053,-0.14246764584052934,1.3138637659015138,1.0,1.0,1.0,1.0,1.0,0.0,2.6888822829559307,1
1.2064139991659324,1.3353240485488653,-0.660096047366271,0.10080531062676963,1.8093904122655975,0.7120177938870412,1.0,1.0,0.0,1.0,1.0,0.0,0.5324026957170628,1
-0.8123840000861379,-0.10003576548790132,-0.13461504791901288,0.36978639195938745,-0.23436588515570764,-1.6092586099847705,0.0,0.0,0.0,0.0,1.0,1.0,0.41408413923363996,1
-1.494903715875498,0.25036438125132643,0.22094238395674407,0.8729842359088259,0.8918167896128543,-0.16386599474443767,0.0,0.0,0.0,1.0,0.0,0.0,0.3433460435104489,1
-0.08466045998831732,-0.1072058143897757,-0.015074552760539033,0.4898620635391859,-0.7703451950507568,-0.17791516542817856,1.0,1.0,1.0,1.0,0.0,0.0,1.207060134361805,1
1.4526671779890832,1.3089525854311863,1.9861565507994063,1.3644742632597462,0.6463998127940829,-0.09585448796245893,0.0,0.0,1.0,1.0,0.0,1.0,3.4679309524227993,1
-0.3275267375859759,0.10966246330068302,0.4342002467814442,1.8918926427622282,1.3547571572908645,2.3782650506640626,1.0,1.0,1.0,0.0,1.0,0.0,1.2782804996878694,1
0.07273511065966713,0.49423759961392105,1.500985155132064,-0.6602116937779177,-0.6978633037631069,0.5623041332536272,0.0,0.0,0.0,0.0,1.0,0.0,0.9240869802982268,1
-0.5068213217391943,0.25031151511139244,-0.5887644356853776,-0.545209737280106,-0.28477551294549985,0.905099007914639,0.0,1.0,0.0,1.0,1.0,1.0,0.10926427534808571,1
-0.09392497028432234,0.139236250189911,-0.5902914038539061,-0.09893557381969564,-0.7049626143500172,-1.8107050247138057,1.0,1.0,0.0,1.0,1.0,1.0,0.7782895157223594,1
1.7840563160785488,-0.23858909250889118,0.3317087087047852,1.420563176415867,0.451342134497981,0.9027765274863637,1.0,1.0,1.0,1.0,1.0,1.0,10.183141749794217,1
0.5016386627734991,0.1838743258943658,0.1851747509443965,-0.3149200975538835,0.4201324429028589,0.342081853308932,0.0,0.0,0.0,0.0,0.0,0.0,1.8948611576075294,0
-0.09388510778852625,0.8073898654332884,-0.452695714720177,-1.7263919833152825,0.018910405354306888,-0.20655792395644,0.0,0.0,0.0,0.0,1.0,0.0,0.9120505461512444,1
0.51706691536445,1.6411920069790473,0.6008495193525415,-0.8110711758922148,0.04733881094808368,-0.3960374058722081,1.0,1.0,0.0,0.0,1.0,1.0,0.7560815862100506,0
-1.1429907389184628,-0.3860670867712198,0.03421736808246844,0.3374789677474166,0.35446349278160305,-0.6531123101441852,1.0,1.0,1.0,1.0,0.0,1.0,0.46745389485889,1
-0.7239853258757015,0.7409863425093792,1.4337455047801466,1.3648012141911758,-0.8318307784021484,-2.3166000688800903,1.0,1.0,1.0,1.0,0.0,0.0,0.5939631450990512,1
-0.5870624339338054,-0.10159874185152717,0.26988874259574785,1.066681643914127,1.2185876812015644,1.9609181211228857,1.0,0.0,0.0,0.0,0.0,0.0,1.5843524956852406,1
-0.15446262791021825,-0.004213777340654518,-0.36440612205617035,-0.6256126021692578,0.008881405875872724,-0.2769671240810829,0.0,0.0,0.0,1.0,1.0,0.0,0.2980157725971715,1
-0.6948666411815788,-0.7742082037035684,-1.8615573699751393,-0.6282084161843234,-0.6724675391701721,0.6834011751108002,1.0,1.0,1.0,1.0,1.0,0.0,0.4863918043342782,1
0.7021267063928933,-0.6544376816072048,-0.0010487696802295768,0.03400600567587555,1.3458556366354228,-0.3724114663273474,0.0,0.0,0.0,1.0,1.0,1.0,0.6060403575565447,1
0.6413425780462313,0.6059085822543498,-0.846431837503815,1.3055400654253997,0.997139005992439,0.10582033503718792,1.0,1.0,1.0,0.0,1.0,1.0,1.171447272224146,1
-1.2408076881376249,-2.210425021475286,-0.5970521781913982,0.13583555947808976,-1.764053560799897,-0.9147525429721359,1.0,0.0,0.0,0.0,0.0,0.0,1.7431672185719875,1
0.9685943851091285,0.7135817391709882,1.4731078379915998,1.1206710585084239,0.1400997751336239,0.19844785949030103,0.0,0.0,0.0,0.0,0.0,0.0,3.091676463330527,1
